DATE,EUR_NOK,Q,d_pi,dI_t,brent,VIX,StoxEurope,SP500,OSEBX,log_OSEBX,dlog_OSEBX
2000-01-31,8.0825,2.030651591202351,0.0018168968038345,5.0,3.298795448044074,3.2168738221975275,5.888684033713543,7.240262522539976,184.477,5.2175247944631105,
2000-02-29,8.09903448275862,2.0285872155876263,0.0018168968038345,5.0,3.367640598133313,3.1514531485507664,5.955863275865008,7.219942141508696,189.384,5.243776699886843,0.0262519054237326
2000-03-31,8.112532258064517,2.030129962020383,-0.0005531984517066,5.0,3.177220149599368,3.1826266921930797,5.976604684200958,7.312273272051751,188.321,5.238147953608318,-0.0056287462785249
2000-04-30,8.149966666666666,2.03211594690896,0.005281847053391,5.0,3.1692653243148663,3.265759410767051,5.972842222979887,7.2809932947936735,182.051,5.204286867602786,-0.0338610860055323
2000-05-31,8.194225806451612,2.052451226416031,-0.0011886681713919,5.0,3.389124800427886,3.1633631149379418,5.940802632305754,7.25883459656371,190.627,5.250318639109916,0.0460317715071303
2000-06-30,8.255183333333333,2.0378797673219595,1.692685191123644e-05,5.0,3.452524008827496,2.972463646614637,5.931555294354073,7.28248622772044,196.278,5.279532021644621,0.0292133825347047
2000-07-31,8.175951612903226,2.0446089810413417,-0.0050202289284397,5.0,3.2308043957334744,3.032064202801381,5.947068464805155,7.266009974456078,201.785,5.307202774136009,0.0276707524913879
2000-08-31,8.096790322580645,2.0300954448525355,-0.0007877117382495,5.0,3.5576311675039825,2.823757008814181,5.978784493950608,7.32493813204429,220.584,5.396278574723918,0.089075800587909
2000-09-30,8.0304,2.0205394401951304,0.0034690293415557,5.0,3.347093122668954,3.0238337036648657,5.933411615659365,7.269971839759542,213.941,5.365700276074783,-0.0305782986491349
2000-10-31,8.003935483870967,2.001679561941884,-0.0002614037395618,3.25,3.4061849231731944,3.1625170911988163,5.961082656221897,7.265003058819054,212.921,5.36092120489319,-0.0047790711815931
2000-11-30,7.996533333333334,2.0237942584305997,0.0003652153561741,3.25,3.48216274048526,3.3894621254437345,5.895091302450393,7.181553921075292,195.574,5.275938824430116,-0.0849823804630736
2000-12-31,8.14308064516129,2.0508939837865503,-0.0048711299032513,3.25,3.117064558721516,3.2902658209548736,5.88552052791174,7.185697573412947,195.791,5.27704776376929,0.0011089393391738
2001-01-31,8.233580645161291,2.038233378665343,0.0091931319873452,3.25,3.2805352052549286,3.091951131294534,5.892555398778768,7.219649360748156,201.184,5.304219912200651,0.0271721484313607
2001-02-28,8.211160714285715,2.0374615676379775,0.0055137495135237,3.25,3.22525543183224,3.3446270301737613,5.814190231535541,7.122818270331615,200.83,5.302458779048587,-0.0017611331520637
2001-03-31,8.159387096774193,2.0186274587109065,-0.0041102753060826,3.25,3.1570004211501135,3.3548043420924447,5.7736194342449805,7.056459726401484,184.129,5.215636598918853,-0.0868221801297339
2001-04-30,8.11495,2.0265439279191413,-0.0035200411850313,3.25,3.303584552795155,3.237893830703962,5.8348692148849075,7.1304907470417005,195.76,5.276889419134416,0.0612528202155626
2001-05-31,7.997370967741936,2.0098024846957987,-0.003543227948163,3.25,3.351656936102019,3.119718253334982,5.834723013916797,7.135559950378504,207.015,5.332791254408113,0.0559018352736968
2001-06-30,7.937566666666667,2.005709345762314,-0.0014074597678801,3.25,3.266141017335315,2.947591898226056,5.797121015086702,7.11231929471845,194.195,5.268862808872838,-0.0639284455352742
2001-07-31,7.968677419354838,2.017023087654396,0.0010986028295016,3.25,3.192531849528599,3.073618812211062,5.758744032730175,7.099391651200748,189.043,5.2419745024099464,-0.0268883064628919
2001-08-31,8.055274193548387,2.027739720874275,-0.0004377699428745,3.25,3.288401887516811,3.2156706939192525,5.695951895541013,7.033136045313282,176.62,5.174000532040656,-0.0679739703692901
2001-09-30,8.006483333333334,2.028463419127429,0.0045305249301872,3.25,3.0851158346886765,3.4635460067266908,5.58458594048131,6.947879430066291,147.08,4.990976656433071,-0.183023875607585
2001-10-31,7.994387096774194,2.011796072330646,0.0028235027689751,3.25,2.9770590082883697,3.5133348815990053,5.625496556257657,6.965816618395407,150.36,5.013032418695977,0.022055762262906
2001-11-30,7.92385,2.004006461567732,0.0018332935827469,4.75,2.9402195636237325,3.171364842197149,5.666253662763787,7.03830096882878,158.89,5.068212138900275,0.0551797202042978
2001-12-31,7.988951612903226,2.0089147935124405,-0.0020824956581648,4.75,2.962692419475791,3.169685580677429,5.6995401553980685,7.045846260862676,167.18,5.11907107627101,0.0508589373707346
2002-01-31,7.923935483870968,1.9980761631615536,-0.0059185356062183,4.75,2.9481164196123277,3.0487989944906833,5.678293711889035,7.030149887195743,163.55,5.097118753984393,-0.0219523222866167
2002-02-28,7.789357142857143,1.979557197606008,0.0019301456150051,4.75,3.0315819264476884,3.072230244526716,5.669329046586822,7.009165000520575,165.46,5.108729473762037,0.0116107197776438
2002-03-31,7.718854838709678,1.9793127091825211,0.0002444884234868,4.75,3.232384174892993,2.856470206220483,5.713831810509203,7.045245076773334,179.06,5.18772094520601,0.078991471443973
2002-04-30,7.6224,1.9655333425155457,-0.004408900509583,4.75,3.2950958507796098,3.086943153607375,5.672085387912946,6.98186039398892,170.51,5.13879394603006,-0.0489269991759497
2002-05-31,7.523967741935484,1.951244823336745,0.0016646056020368,4.75,3.1726224403507386,2.9947317732204075,5.631319302922485,6.972737451691795,165.92,5.111505744481217,-0.0272882015488429
2002-06-30,7.412733333333334,1.9443706529507527,0.0005019450475574,4.75,3.231989464013584,3.2347491740244907,5.537491734934774,6.897300821078278,148.45,5.000248201209769,-0.1112575432714484
2002-07-31,7.406080645161291,1.9452589311417896,-0.0013594207203642,4.75,3.26880819361641,3.466672963621067,5.427721503759297,6.8152122670349256,136.58,4.916910523532943,-0.0833376776768259
2002-08-31,7.429322580645161,1.944486782209099,-0.0053729897624634,4.75,3.3163654461454577,3.4855385300959063,5.424156751387184,6.820092780968305,131.42,4.878398301469722,-0.038512222063221
2002-09-30,7.359866666666666,1.936816279060936,0.0022368145770128,4.75,3.371081757757532,3.681099266794974,5.2717680313145,6.703482548418179,110.62,4.706100904566532,-0.1722973969031898
2002-10-31,7.339532258064516,1.9388450714956913,0.0011670760589828,4.75,3.23907053215372,3.4384931664058525,5.361339112964193,6.7864799021953,117.48,4.766268106330419,0.0601672017638872
2002-11-30,7.319866666666667,1.927941512439031,-0.0004299411046915,4.75,3.248046202167981,3.3141860046725258,5.404792261055042,6.8419466182253075,126.06,4.836757984084964,0.0704898777545448
2002-12-31,7.293725806451613,1.9340416491130183,-0.0048649756029357,5.25,3.405189402931693,3.3541057741283047,5.30697973962669,6.779717341095433,115.21,4.746756550049962,-0.0900014340350017
2003-01-31,7.324225806451612,1.959870208684248,-0.0039868176561812,4.25,3.4522073025699003,3.4394560937792455,5.241747015059643,6.751919847424009,109.72,4.697931666069403,-0.0488248839805596
2003-02-28,7.531625,1.99509297881482,0.0007565999138954,4.25,3.5263605246161616,3.388787361585474,5.202632116413628,6.73477000316517,101.63,4.621338767149675,-0.0765928989197277
2003-03-31,7.83708064516129,2.021940245116708,-0.0045096227549308,4.25,3.3339886319687055,3.3724549127965013,5.172810831308315,6.743092877417999,104.03,4.644679319082804,0.0233405519331286
2003-04-30,7.834283333333333,2.014547998754457,-0.0004235201910756,4.25,3.1612467120315646,3.0544727685765913,5.272383984521532,6.821020227447476,117.57,4.76703390087965,0.1223545817968458
2003-05-31,7.868306451612903,2.018962731063262,0.0007390983337183,3.25,3.2801590532850993,2.968874819384108,5.280865972934281,6.870665892936763,124.321,4.82286693034503,0.0558330294653801
2003-06-30,8.157733333333333,2.075068630061629,-0.0047713539543696,3.0,3.363149314024626,2.9714395809849465,5.312910368850937,6.881924518947615,134.196,4.899301417834051,0.0764344874890214
2003-07-31,8.290370967741936,2.0622245956457976,-0.0032613305610231,3.0,3.3562000157314196,2.9699015135194693,5.352379324646567,6.898018025426389,145.332,4.9790207803269135,0.0797193624928622
2003-08-31,8.246483870967742,2.077754705587904,-0.0050473225779938,2.0,3.4137844971676268,2.924773184613497,5.369241704884735,6.91574328970432,152.913,5.029869132211554,0.0508483518846407
2003-09-30,8.192116666666667,2.070079804792151,6.431593860156681e-06,2.0,3.335413641116152,3.12324559385295,5.3320422359496575,6.9036870148061835,142.649,4.960387067470199,-0.0694820647413552
2003-10-31,8.225129032258064,2.071287470254953,0.002086024614524,2.0,3.327909585892323,2.7788192719904172,5.400558020494584,6.9572214051139865,160.945,5.081062691713966,0.1206756242437672
2003-11-30,8.19695,2.069409575220225,-0.0040463290893741,2.0,3.3655702040190043,2.792391349535961,5.408516158846112,6.964324630470031,162.267,5.089243126674869,0.0081804349609031
2003-12-31,8.253112903225807,2.103821080240128,-0.0030553033238813,2.0,3.4111477125153233,2.907447358686419,5.435074799902897,7.013834536283295,170.971,5.1414939514772655,0.052250824802396
2004-01-31,8.582387096774195,2.141931384727611,-0.0035124483403761,1.0,3.3854066957558313,2.811208293204836,5.463026396025077,7.030963571283585,183.946,5.214642236274944,0.0731482847976785
2004-02-29,8.774241379310345,2.143928539961522,6.517363636859841e-05,1.0,3.494687724749494,2.6775909936175015,5.491372775544961,7.043107512868596,202.065,5.308589427818641,0.0939471915436973
2004-03-31,8.54217741935484,2.10925418829337,-0.0003842670312774,1.0,3.4747575847701837,2.817801065061329,5.466328685224197,7.026613292198607,193.767,5.266656406319842,-0.0419330214987994
2004-04-30,8.310716666666666,2.086151368068991,-0.0027135862221525,1.0,3.561897992353146,2.844327819394758,5.476672735072112,7.009625711378464,188.337,5.238232911315361,-0.028423495004481
2004-05-31,8.201064516129032,2.0905550313792665,-0.0054990203235849,1.0,3.610917912644224,2.740840023925201,5.469283021803666,7.0216909229096265,191.638,5.255608175725857,0.0173752644104956
2004-06-30,8.285066666666667,2.118007063369109,-0.0004810004902742,1.0,3.503152104185149,2.663052835171474,5.484215851832334,7.0395201121589395,204.545,5.320788000175404,0.0651798244495474
2004-07-31,8.47341935483871,2.117443869071931,-0.001394508104842,1.0,3.7249702742582897,2.729159164312445,5.465525285531943,7.004627873943609,201.708,5.306821107039258,-0.0139668931361462
2004-08-31,8.328016129032259,2.1196118387901453,-0.0044270515897393,1.0,3.683866912290392,2.727199019940971,5.453738667365866,7.006912594515323,203.701,5.316653232400877,0.0098321253616191
2004-09-30,8.35815,2.105217088414126,0.0072271172527837,1.0,3.866188469084346,2.590767040487478,5.4711776395524785,7.016232931317529,219.311,5.3904908137646155,0.0738375813637386
2004-10-31,8.236677419354839,2.08321674007408,-0.0015943777585558,1.0,3.8745288010005656,2.7893229212309465,5.481888142742423,7.030149887195743,213.478,5.363533782862743,-0.0269570309018725
2004-11-30,8.138866666666667,2.076212910638153,0.0018965974626938,1.0,3.789403291880235,2.5832425505088623,5.507402560611206,7.068018666656876,232.427,5.44857619723122,0.0850424143684769
2004-12-31,8.221451612903227,2.0963736834672653,-0.0038236395014026,1.0,3.698334612884691,2.587011872725154,5.5255326172323,7.0999611578500685,236.703,5.46680619071085,0.0182299934796299
2005-01-31,8.213725806451613,2.09736166956253,0.0016183129222726,1.0,3.795713883027763,2.551006451492524,5.548492256913277,7.074345409881552,242.473,5.4908903639725715,0.0240841732617216
2005-02-28,8.31875,2.093737333338499,-0.0012300422407669,1.0,3.914619631275412,2.4915511925066687,5.577046985101792,7.09307234475589,260.056,5.560896992438976,0.0700066284664044
2005-03-31,8.183354838709677,2.0948271276731365,-0.0027944093827318,1.0,3.9744342655495433,2.640484881606444,5.569069431776972,7.073769592501361,256.275,5.546251086669465,-0.0146459057695107
2005-04-30,8.178366666666667,2.0865765531544573,0.0005436429836791,1.0,3.9241491852259864,2.728506209669592,5.545411792018033,7.053456073153691,243.534,5.4952565631653725,-0.0509945235040927
2005-05-31,8.081983870967742,2.0621617055197716,-0.0009564921073321,1.0,3.897924081048645,2.587011872725154,5.588334211296536,7.082968296538797,258.372,5.554400406904045,0.0591438437386724
2005-06-30,7.893050000000001,2.0614271605705663,-0.0022299152620757,1.0,4.0138573113094145,2.488234439880675,5.620110968628586,7.082825609061898,283.406,5.646880498521528,0.0924800916174835
2005-07-31,7.919177419354838,2.0614484647610167,-0.0036283323062917,1.0,4.0905038628361625,2.448415541205585,5.652594437886767,7.118162060926628,298.556,5.698957519927215,0.0520770214056867
2005-08-31,7.918048387096774,2.0599641748610127,-0.0011818705062323,1.0,4.2017030805426,2.533696813957432,5.651857401791282,7.1068765929542685,315.97,5.755647272371277,0.0566897524440621
2005-09-30,7.804083333333334,2.05950837964059,0.0018532419319914,1.0,4.122283930911342,2.4782176616372036,5.6950780340260545,7.113801500381127,328.163,5.793510436164293,0.0378631637930153
2005-10-31,7.83641935483871,2.0506978362263975,-0.0002439085485708,1.0,4.068513802187579,2.729159164312445,5.670880423313603,7.095901506067354,302.22,5.711155228985614,-0.0823552071786783
2005-11-30,7.828383333333333,2.0694567941733757,0.0022210541598814,1.0,3.9749978045895342,2.4898941912990393,5.702014245593553,7.130482743744342,314.229,5.750122019461759,0.0389667904761443
2005-12-31,7.97241935483871,2.0745369465832995,-0.0033880516082307,0.75,4.066287964439575,2.4907230351094403,5.73666906699042,7.129529893730101,332.509,5.8066669273987594,0.0565449079370008
2006-01-31,8.03516129032258,2.091461914048315,-0.0036138298264924,0.75,4.146146060785364,2.5610957881455465,5.771565725958661,7.154677854960619,355.201,5.872683826429367,0.0660168990306075
2006-02-28,8.056946428571429,2.081152678949419,0.0018703664530317,0.75,4.090671156855792,2.5128460184772416,5.79264768778483,7.155130849024771,366.063,5.902805449736041,0.0301216233066741
2006-03-31,7.97883870967742,2.0764167317257107,-0.0023303361265716,0.75,4.190563419962643,2.432735777459091,5.812457491281857,7.166134691385161,396.297,5.982163930145027,0.0793584804089855
2006-04-30,7.846866666666667,2.052758479731116,-0.0031168538060253,0.75,4.27874728521988,2.4501426573516603,5.81853871195439,7.178247956669375,407.017,6.008854953612062,0.026691023467035
2006-05-31,7.795919354838709,2.0629222941151215,-0.0026505345393514,0.75,4.213164097564083,2.799717389628034,5.7647521349792195,7.146843043083483,381.431,5.943929969359911,-0.0649249842521504
2006-06-30,7.852950000000001,2.079028014706144,-0.0008052919618393,0.75,4.293195420967266,2.5710843460290524,5.770381371760691,7.146929647368874,376.443,5.930766641356345,-0.0131633280035661
2006-07-31,7.933903225806452,2.0741409141213913,-0.0045448414696256,0.75,4.314149212270796,2.7047112998366956,5.787020073226257,7.152002571560833,380.992,5.942778377530925,0.0120117361745801
2006-08-31,7.992645161290322,2.1047479033734424,-0.003254427750079,1.75,4.214495163352562,2.510411940196362,5.81332423670725,7.173053696148825,382.172,5.945870769049263,0.0030923915183374
2006-09-30,8.251083333333334,2.1145088849105664,0.0093023926623141,1.75,4.079061705357583,2.4832385926873033,5.833142679961908,7.197323072344129,371.586,5.917780331310698,-0.0280904377385651
2006-10-31,8.39082258064516,2.123557758266813,0.0026612864128754,1.75,4.027670428954108,2.4069451083182885,5.867430766184534,7.228344909261355,402.691,5.99816951846438,0.0803891871536821
2006-11-30,8.2444,2.10147404742746,0.0019593803380111,1.75,4.1644923221241825,2.3896797998449792,5.8630059802041785,7.244677414383715,412.992,6.023428222313375,0.025258703848995
2006-12-31,8.163129032258064,2.1130014516693083,-0.002749001125343,0.5,4.076859247881081,2.4475508632442313,5.900609428763896,7.257214250300562,440.358,6.087588032453311,0.0641598101399365
2007-01-31,8.281645161290323,2.106090476083141,-0.0040741220631623,0.5,4.034594557816327,2.343727036325221,5.920827467508541,7.271175422825089,460.737,6.132827381284821,0.0452393488315099
2007-02-28,8.089464285714286,2.098583767530767,0.0040643643614011,0.5,4.0841258620277685,2.7356653681351832,5.899979541985754,7.249087117160699,440.585,6.088103389303923,-0.0447239919808986
2007-03-31,8.130032258064515,2.0982035735647955,0.0002570336726943,1.5,4.226395693132972,2.6837575085331657,5.924843859766086,7.2590176010759855,461.299,6.134046422774736,0.045943033470813
2007-04-30,8.1279,2.1032026800994585,-0.004075773853879,1.5,4.208119576480946,2.6546494243750947,5.958243798116312,7.30139743731359,477.613,6.168800781138436,0.0347543583637
2007-05-31,8.140096774193548,2.102435590464783,-9.466100341271044e-05,1.5,4.222151266709757,2.5687881337687024,5.983281154299963,7.333428161061652,496.264,6.207108043190362,0.0383072620519264
2007-06-30,8.059816666666666,2.0874618400189404,-0.0032967055750869,1.0,4.279717015849312,2.7868613815265,5.975614597677916,7.315451230241661,508.243,6.23095967966398,0.0238516364736174
2007-07-31,7.940145161290323,2.0890681410274534,-0.003238237097535,1.0,4.343935283551159,3.1578511230304263,5.940355446282071,7.282946729400474,495.573,6.2057146688520435,-0.0252450108119361
2007-08-31,7.975209677419355,2.085503884503109,0.0016149994541621,1.0,4.280685807012206,3.1518809560439225,5.929429556188449,7.295728288465753,473.559,6.160276508876369,-0.0454381599756743
2007-09-30,7.832733333333333,2.0513089111035137,0.0053980912964828,2.0,4.394078715698023,2.8903717578961645,5.934523756645172,7.330896572103244,496.292,6.207164463180786,0.0468879543044167
2007-10-31,7.689725806451612,2.0643553992616677,-0.0036973114491916,2.0,4.498364181670282,2.9193910402972683,5.962112973393123,7.345610129891953,514.088,6.242394457026733,0.035229993845947
2007-11-30,7.947033333333334,2.109210137304252,-0.00423299460705,2.0,4.485372622532496,3.12982600803469,5.914475505579847,7.300567340522536,492.83,6.20016428698978,-0.0422301700369525
2007-12-31,8.018193548387096,2.091917139714522,-0.0017433470880847,2.0,4.539884719289462,3.1135153092103742,5.898910565497374,7.291901410717735,490.808,6.196053012622414,-0.0041112743673661
2008-01-31,7.948516129032258,2.111445570137204,-0.0051863500785316,2.0,4.5172129072289495,3.265759410767051,5.775048316543199,7.228787501115457,393.874,5.976031061197669,-0.2200219514247452
2008-02-29,7.953086206896551,2.0856626588141354,0.0055195538357102,2.0,4.6141299273595635,3.2786530289040616,5.765034350687964,7.1934077932733755,427.108,6.05703690864835,0.0810058474506814
2008-03-31,7.974983870967742,2.105796974024513,-0.0029713508557662,2.0,4.628202885098664,3.242982900211434,5.723454374453665,7.1874303810320015,411.986,6.020989368189649,-0.0360475404587017
2008-04-30,7.967066666666667,2.0982504513187736,-0.0020635356529412,2.0,4.7106106984460885,3.0344721018699214,5.77793092218126,7.233881320692058,463.217,6.138195626794293,0.1172062586046447
2008-05-31,7.874209677419355,2.0950498902470325,-0.0051107825790515,2.0,4.850857701737196,2.8808824318750488,5.7749241469273445,7.244498907344708,497.247,6.209086884533378,0.0708912577390847
2008-06-30,7.99195,2.1104287421622203,-0.0026878478820133,2.0,4.93014804318357,3.175968323856924,5.667775259350199,7.154615356913663,463.446,6.138689873364323,-0.0703970111690548
2008-07-31,8.048209677419354,2.1114617131069116,0.0004018837885224,2.0,4.821087692210561,3.1328821117012247,5.648128810465367,7.144707056427206,424.049,6.0498490145924535,-0.0888408587718698
2008-08-31,7.970306451612903,2.099281234569729,0.0025336986403647,2.0,4.731714727313047,3.027715319407042,5.663585284904788,7.15682385388792,425.727,6.053798295769975,0.0039492811775216
2008-09-30,8.158133333333334,2.137876534796209,0.0092742509956487,2.0,4.538175317163813,3.6735119769828146,5.54537273790856,7.060253165126674,318.38,5.76324563792699,-0.2905526578429853
2008-10-31,8.594935483870968,2.1582552695496613,0.0029870913500653,2.0,4.0943445622221,4.092509546276371,5.402992647486168,6.876006580667557,244.8,5.500441550638171,-0.2628040872888189
2008-11-30,8.7963,2.201373774608683,0.0015880800293084,2.0,3.8653505972297153,4.022490458454117,5.32908902521479,6.798208234250468,219.874,5.393054655008721,-0.1073868956294497
2008-12-31,9.459725806451614,2.2996543384369708,0.0024166290543732,1.0,3.578506396632566,3.688879454113936,5.28269598564508,6.80599937002775,225.481,5.418235898186687,0.0251812431779656
2009-01-31,9.261129032258063,2.194728424448058,0.000578569643693,1.0,3.7880458256084353,3.8031005982039594,5.253476892074882,6.716449484516678,225.836,5.419809072134112,0.0015731739474249
2009-02-28,8.783285714285714,2.1875559601020074,0.0070036737304084,1.0,3.7934646693040106,3.836221292011864,5.152829059799431,6.599992940696164,214.636,5.368943570088333,-0.0508655020457791
2009-03-31,8.832,2.1873364253491254,0.0006695797649785,0.0,3.8314634975697297,3.7873664008285903,5.173094221793959,6.681945676910808,226.34,5.4220382935377955,0.0530947234494627
2009-04-30,8.798599999999999,2.1677713751107426,0.0007731605687171,0.0,3.918005077105694,3.597312260588446,5.299466705804558,6.771717891831778,252.626,5.531910134152368,0.1098718406145726
2009-05-31,8.788887096774195,2.1847225421807774,0.0005462968905698,1.75,4.174079530240954,3.364533397290564,5.338547185767103,6.8234384502526595,292.615,5.678857751796992,0.1469476176446233
2009-06-30,8.9437,2.1990051650616302,0.0013073333012876,1.75,4.221124045253227,3.2714682749873716,5.327050585370909,6.82363426631673,282.347,5.64313681095172,-0.0357209408452714
2009-07-31,8.956387096774195,2.1659215275061867,-0.0010932634714651,1.75,4.249637446628136,3.255014871484074,5.41570032218308,6.895156243405622,297.568,5.695642770295787,0.0525059593440664
2009-08-31,8.657983870967742,2.159031343463234,-0.005579669261694,1.75,4.234396317669857,3.25848107946056,5.4638318050256105,6.928165564753758,300.185,5.704398951262111,0.0087561809663245
2009-09-30,8.596350000000001,2.127853619541346,0.0139510718726825,1.75,4.186923743515194,3.242982900211434,5.490877991384453,6.963265668909704,323.461,5.779078550259227,0.0746795989971156
2009-10-31,8.35988064516129,2.1230937807977903,-0.0033700461084791,1.75,4.316287392959792,3.4239368686316447,5.467764738858386,6.943305803687527,331.351,5.803178236486525,0.0240996862272986
2009-11-30,8.41745,2.1375233036787584,-0.0001131401714342,1.75,4.353755752706852,3.1990811975400213,5.477174596150773,6.999084819270334,349.148,5.855495901078588,0.0523176645920626
2009-12-31,8.409435483870968,2.1150327737525467,-0.0009840289045284,1.75,4.355554314342767,3.0763901765714454,5.534021699907105,7.016699365971316,371.556,5.917699593039906,0.0622036919613178
2010-01-31,8.194145161290322,2.104177827013908,-0.001609666749565,1.75,4.26549281841793,3.203559120756307,5.509226380193904,6.979024224911996,362.728,5.89365324209606,-0.0240463509438457
2010-02-28,8.100178571428572,2.0799769820005536,0.003468657704893,1.75,4.335458998857547,2.970414465569701,5.504518197131935,7.007138968948656,350.415,5.859118166365169,-0.0345350757308908
2010-03-31,8.037193548387096,2.0870520084720843,-0.0088793511172093,1.75,4.386640972224627,2.867330558749466,5.574318987350425,7.064271729594139,376.698,5.931443805419234,0.0723256390540649
2010-04-30,7.943646666666667,2.065728235242989,-0.0019235646825785,1.75,4.456554161659308,3.093312601892855,5.5603354172443025,7.078923197906002,383.02,5.948087207138413,0.0166434017191789
2010-05-31,7.9052741935483875,2.076619546910915,0.0010833617841772,1.75,4.290459441148391,3.4679210137050633,5.501135754067647,6.993391544272232,344.23,5.841310038608051,-0.1067771685303622
2010-06-30,7.900283333333333,2.0765338820365096,0.0042964620335048,1.75,4.316687793365541,3.5421180727185324,5.494377449452505,6.938003164139856,328.12,5.793379395134549,-0.047930643473502
2010-07-31,8.02033870967742,2.076829315217638,-0.0043173075146389,1.75,4.350277936359301,3.1570004211501135,5.542635153093653,7.004518947414445,358.41,5.881677582497242,0.0882981873626933
2010-08-31,7.933822580645161,2.0926429687707566,-0.0052905373426099,1.75,4.324265097815334,3.260017768199376,5.526687236833828,6.955907144244063,352.66,5.865504419979778,-0.0161731625174645
2010-09-30,7.916633333333333,2.0811223672673687,0.0044547600066113,1.75,4.391605609454205,3.1654750481410856,5.559604127640286,7.039835619339345,381.43,5.9439273476503205,0.0784229276705428
2010-10-31,8.11183870967742,2.111839329613091,-0.0029924143308672,1.75,4.4124345908452645,3.054001181677967,5.583345921534254,7.076028620050033,404.62,6.002948355049268,0.0590210073989476
2010-11-30,8.149183333333333,2.0992110801932937,0.0002225139483478,1.75,4.45457982735559,3.1587011018321305,5.567695438201781,7.073735710562972,396.07,5.981590963309683,-0.0213573917395848
2010-12-31,7.906887096774194,2.068094547910448,-0.003910785480337,1.75,4.535069558308602,2.8763855159214247,5.619712222859976,7.136992227784899,439.72,6.0861381607106635,0.1045471974009801
2011-01-31,7.827274193548387,2.08837079609544,-0.005726609392493,1.75,4.5948167739086,2.9719517448885875,5.634968158655841,7.159385213041416,430.24,6.064343192520554,-0.0217949681901092
2011-02-28,7.818803571428572,2.059325317109062,0.0011593026084844,1.75,4.720906684470688,2.9096295745005794,5.657633818630221,7.190841808081561,446.16,6.1006776320812985,0.0363344395607443
2011-03-31,7.831709677419355,2.0833004172782736,-0.0080179992612352,1.75,4.761660982747524,2.8758219768814333,5.62003848122324,7.1897939573986225,445.41,6.098995206300014,-0.0016824257812846
2011-04-30,7.800133333333333,2.069490602546228,0.0072776109093055,1.75,4.840953517648737,2.691243082785829,5.648199290079167,7.217890873765752,447.74,6.104212706799736,0.0052175004997216
2011-05-31,7.836129032258064,2.071956971833026,-0.0054262839373473,1.75,4.7637112141166424,2.7376090033437546,5.638568169672599,7.204297979866115,440.91,6.0888407729867025,-0.0153719338130331
2011-06-30,7.827783333333333,2.0776558573851136,-0.0020324613503284,1.75,4.715906227582757,2.804571768092832,5.608958843134728,7.185871746564217,421.33,6.043416374614993,-0.0454243983717095
2011-07-31,7.782322580645162,2.072911932280649,-0.0017619434417897,1.75,4.75298656068231,3.228826155721369,5.580672777494092,7.16416337912879,417.65,6.034643761201915,-0.0087726134130781
2011-08-31,7.793903225806451,2.0805238985696346,-0.0072888958245078,1.75,4.757719584448376,3.453789831781326,5.469872843189151,7.105695887509669,378.47,5.936136809498464,-0.0985069517034507
2011-09-30,7.719916666666666,2.090711063661329,0.008818366176845,1.75,4.6579523714270605,3.7602694502006098,5.421331142443181,7.031228759966886,348.28,5.853006753960415,-0.0831300555380494
2011-10-31,7.752225806451612,2.07031126794472,-0.0035277065013499,1.75,4.68610480348409,3.3998631586490187,5.495034803625724,7.133535351617477,384.22,5.9512153052002965,0.0982085512398818
2011-11-30,7.788433333333333,2.0788709280036635,-0.0018949099044967,1.75,4.711510221759418,3.325036020696591,5.480972201132111,7.128463868180796,380.85,5.942405596818797,-0.0088097083814995
2011-12-31,7.748290322580646,2.0792125792997376,-0.0002126772841588,1.75,4.682964213428112,3.152736022363656,5.499378894716044,7.136960421674942,384.95,5.953113455724059,0.0107078589052616
2012-01-31,7.675919354838709,2.0690076197217873,-0.0025142255201338,1.75,4.702841213161538,2.967332799032293,5.5389471388695215,7.179612801086947,397.36,5.984842670799095,0.0317292150750363
2012-02-29,7.554241379310345,2.039003873058761,0.0014521434003409,1.75,4.805904515789171,2.9139797716817317,5.577160490332613,7.219407752072497,429.85,6.063436310620453,0.0785936398213582
2012-03-31,7.529983870967742,2.068262927571313,-0.0075226807743371,1.75,4.815512145465092,2.740840023925201,5.573370022599676,7.2502592878350685,426.61,6.055870246925192,-0.0075660636952612
2012-04-30,7.572916666666667,2.0665365392339115,-0.0004458799031645,1.75,4.776262260830497,2.8419981736119486,5.550164985990602,7.24273354303902,421.21,6.043131521668399,-0.0127387252567929
2012-05-31,7.569887096774194,2.054527315635862,0.0035385224292285,1.75,4.6430438384161725,3.180550710546533,5.479513290054481,7.178034292868551,384.36,5.951579613409067,-0.0915519082593316
2012-06-30,7.5415,2.059309099926616,-0.0035198706639922,1.75,4.545101659521972,2.837908188360424,5.526130000710509,7.216826954112388,407.09,6.0090342912180414,0.0574546778089741
2012-07-31,7.461919354838709,2.0412079697289283,0.0031889544368128,2.0,4.662778498608405,2.9407479652212314,5.5659752871688895,7.2293459030850995,423.31,6.0481047711552325,0.039070479937191
2012-08-31,7.322338709677419,2.0350245918060312,-0.0113513924000461,2.0,4.735584224710024,2.8604851241459652,5.584360596831292,7.248916505089482,435.22,6.075851650368147,0.0277468792129145
2012-09-30,7.388633333333333,2.038923421259721,0.0066046090812461,2.0,4.71276819658611,2.7555697170701863,5.592776423278841,7.272863562139682,445.92,6.100139563733638,0.0242879133654909
2012-10-31,7.408548387096774,2.042363881286116,-0.001271702822553,2.0,4.699479865458833,2.923161580719156,5.599532453282402,7.252875726081182,442.18,6.091717038997073,-0.0084225247365647
2012-11-30,7.335933333333333,2.039154741470295,0.0019220075715962,2.0,4.7080877199947775,2.7644305345383176,5.619603446413595,7.255718384818843,442.08,6.091490861175107,-0.0002261778219665
2012-12-31,7.344774193548386,2.03688171193138,-0.0024833835867328,2.0,4.707726774313183,2.8914822521801917,5.6336460924671705,7.2627618319303,444.09,6.09602724459351,0.0045363834184035
2013-01-31,7.381032258064517,2.0497516658858026,-0.0001464471709491,2.0,4.74970333672039,2.658859956911438,5.660248472632473,7.311959592622879,465.79,6.1437348887784,0.0477076441848893
2013-02-28,7.4223035714285714,2.0540155742717063,0.0027056949505261,2.0,4.720282993088596,2.7414849771884473,5.669674005022752,7.322959474511035,473.07,6.159243369085605,0.0155084803072051
2013-03-31,7.487564516129032,2.059768790037962,-0.0074910679515118,2.0,4.686381441412914,2.5416019934645457,5.682831187903269,7.358314841641118,471.21,6.1553038545230505,-0.0039395145625542
2013-04-30,7.540033333333333,2.0702664969293756,0.0072065648342833,2.0,4.6203543213131315,2.604170070614818,5.692788933181335,7.376239003758043,480.13,6.174056900566543,0.0187530460434928
2013-05-31,7.56,2.0701333071465347,0.0009872449541576,2.0,4.609460967405248,2.791165107812717,5.706711514162081,7.396789178509619,491.71,6.197889111815318,0.0238322112487745
2013-06-30,7.73815,2.1113853994799614,-0.006341943430228,2.0,4.6297652328434715,2.8249439525737094,5.652559353245066,7.381676225511917,468.79,6.1501549069772725,-0.0477342048380453
2013-07-31,7.887,2.1046951520199055,0.004277547876974,2.0,4.681112189563248,2.598979106047848,5.702381493740573,7.4299539833888915,495.36,6.205284770961308,0.0551298639840354
2013-08-31,7.938580645161291,2.1341085249463476,-0.0012089463491387,2.0,4.753331536968612,2.8338014064077703,5.694808999857092,7.398155721705573,496.78,6.208147272159954,0.0028625011986465
2013-09-30,7.982516666666667,2.1355408496427652,0.0014681062301118,2.0,4.680741372835166,2.8094026953624978,5.738055068598297,7.427471266093574,501.76,6.218121917721988,0.0099746455620337
2013-10-31,8.120467741935483,2.1310168400961325,0.0032908117087595,2.0,4.677769878402435,2.6210388241125804,5.775699954193676,7.4711012440056574,532.33,6.2772635977865345,0.0591416800645463
2013-11-30,8.199966666666667,2.154435103447423,0.0028862245354446,2.0,4.7101606331790284,2.617395832834079,5.784317368878372,7.498764523569864,542.79,6.296722504799114,0.0194589070125799
2013-12-31,8.412225806451612,2.163347941500576,-0.0014288935280237,2.0,4.70002571700077,2.6188546222977394,5.79380597730379,7.522054038424367,548.86,6.307843399881711,0.0111208950825965
2014-01-31,8.389854838709677,2.1735423484240077,0.0050188382131457,2.0,4.683611612294654,2.9128939952449864,5.776165149816821,7.485822641897419,535.73,6.283630302812263,-0.024213097069448
2014-02-28,8.371946428571428,2.1433425561838937,0.0020792690084165,2.0,4.691164379154952,2.6390573296152584,5.823105065330082,7.528036024054968,555.72,6.320264570280661,0.0366342674683979
2014-03-31,8.29208064516129,2.1450756160152076,-0.0041529037223488,2.0,4.662967284714308,2.6304489550786583,5.812068706230231,7.534944264477532,561.95,6.331412877964276,0.0111483076836149
2014-04-30,8.246166666666666,2.1393665938786053,0.0077662625305841,2.0,4.68794761244566,2.596000697293587,5.822720398727715,7.5411259155060035,578.37,6.360213802279487,0.0288009243152114
2014-05-31,8.157741935483871,2.123514461595842,7.30726849411667e-05,2.0,4.693272634209637,2.4336133554004498,5.841339088530344,7.561938113523938,605.26,6.405658117779986,0.0454443155004984
2014-06-30,8.2225,2.15924534379967,-0.004179854637595,2.0,4.709800435066175,2.448415541205585,5.834401296528122,7.580817092278725,617.88,6.42629426384605,0.0206361460660646
2014-07-31,8.38367741935484,2.1529169697941786,0.0065068551315858,2.0,4.653388758258566,2.830267833826459,5.817081397615548,7.565622371915289,612.29,6.417206026487077,-0.0090882373589735
2014-08-31,8.25574193548387,2.125873923303295,-0.0041953332088224,2.0,4.6163079303985475,2.4832385926873033,5.834810737062605,7.602586041522268,610.17,6.413737606865514,-0.003468419621563
2014-09-30,8.178433333333334,2.1166299109074185,0.0058626191153132,2.2,4.5503971601407995,2.7917784166329223,5.837963656122221,7.586950583174021,609.38,6.412442046846655,-0.0012955600188586
2014-10-31,8.307403225806452,2.157652791022895,0.0036591263274701,2.2,4.432838563223485,2.6411978941143697,5.819489282368171,7.609886977613547,585.28,6.372090365202501,-0.0403516816441538
2014-11-30,8.496733333333333,2.1789810663024123,0.0028183524411868,2.2,4.27513717299578,2.5900171341906173,5.850044981634453,7.634124447032986,566.34,6.339194604564908,-0.0328957606375928
2014-12-31,8.982612903225807,2.2131684321178584,0.0040489374341499,2.2,4.012230265845171,2.954910279033736,5.836388439204223,7.629927138582699,576.04,6.356177102729182,0.0169824981642738
2015-01-31,8.924387096774193,2.180997297798858,0.0094505150960424,2.2,3.8611506750543896,3.0430928449138284,5.90549807855679,7.598394316780073,596.19,6.390559408208303,0.034382305479121
2015-02-28,8.622107142857143,2.154313890639291,-0.0031335367352456,2.2,4.12535861575127,2.590767040487478,5.971797410632506,7.651833188210626,615.64,6.422662377111753,0.0321029689034499
2015-03-31,8.638032258064516,2.172765988262776,-0.003461222188644,2.2,3.983226764434478,2.727199019940971,5.984691662820553,7.63428404272424,619.2,6.428428322275518,0.0057659451637643
2015-04-30,8.529003333333334,2.1346835660197225,0.0007419418374539,2.2,4.157319361383489,2.6775909936175015,5.980883767563795,7.64276870863869,639.36,6.460467676020134,0.0320393537446159
2015-05-31,8.410290322580645,2.152367928004997,0.0002233888091502,2.2,4.145671189387441,2.6275629501895237,5.991139494284036,7.65320549397053,645.68,6.470304025016117,0.0098363489959831
2015-06-30,8.760449999999999,2.1779071656372433,0.0038967192373435,1.2,4.099497927462895,2.9030685886905716,5.943612692588333,7.631969832056943,629.11,6.444306122173699,-0.0259979028424179
2015-07-31,8.92816129032258,2.199491125892424,0.0020787989913175,1.2,3.975748696308691,2.494856980641168,5.9823481184617,7.651519525338609,638.93,6.459794902211031,0.015488780037332
2015-08-31,9.174209677419356,2.239486304482969,-0.0011013874692711,1.2,3.870575815513973,3.3474449256629084,5.893824154465294,7.586894808887474,594.1,6.3870476553616955,-0.0727472468493353
2015-09-30,9.308,2.2490941474439583,0.0079745619988127,1.2,3.856298856655784,3.1986731175506815,5.851541341730644,7.5600960898997585,581.79,6.366109557876259,-0.0209380974854367
2015-10-31,9.285951612903226,2.2315384110186844,0.0036530412410362,1.2,3.871201010907891,2.712706012638404,5.92817857453717,7.639815433040681,615.24,6.42201243558361,0.0559028777073509
2015-11-30,9.25952,2.204693802443101,0.005376590174964,1.2,3.778034365424829,2.7806808921371173,5.954359594154741,7.6403202686552945,628.76,6.443749625860037,0.0217371902764274
2015-12-31,9.4645,2.2471831471130534,0.0027542518887671,1.3,3.600321427132145,2.901970893739517,5.907267388307226,7.622634596685315,610.26,6.4138850958655595,-0.0298645299944775
2016-01-31,9.585170967741936,2.2222379757152133,0.0108637494120023,1.3,3.500741011998417,3.005682604407159,5.835599899276388,7.570566955745964,560.93,6.329596120553775,-0.0842889753117841
2016-02-29,9.56646551724138,2.2191603661177575,0.0051630501914852,1.3,3.581294243433999,3.022860940942244,5.81090144332889,7.566430055305905,572.5,6.350012735428395,0.0204166148746196
2016-03-31,9.4246,2.211321768898183,-0.0016546766047493,1.4,3.6041382256588457,2.6354795082673745,5.8216840218083385,7.630335040225788,577.75,6.35914124915449,0.009128513726095
2016-04-30,9.326633333333332,2.192972345515824,-0.0030690394502004,1.4,3.820784524993875,2.7536607123542622,5.833289112142106,7.633030773293604,606.28,6.407341925563456,0.0482006764089657
2016-05-31,9.304903225806452,2.2026781480183644,0.0016242350731729,1.4,3.897112392692392,2.6525374911719513,5.8506207697603365,7.648243955851132,617.31,6.425371328847449,0.0180294032839931
2016-06-30,9.334293333333331,2.1995122121520785,0.0011037251337349,1.4,3.872242135416301,2.749192144433385,5.798728951965154,7.649149619168371,602.86,6.4016849973000065,-0.0236863315474424
2016-07-31,9.372709677419357,2.213913895012807,0.0077576502163028,1.4,3.707701208354524,2.4740142086215764,5.834489047899294,7.6841400581121375,612.63,6.4177611647960795,0.0160761674960729
2016-08-31,9.297093548387098,2.1945466243054206,-0.0054081598497983,1.4,3.869950229006238,2.5967461315435356,5.839274444093357,7.682920138751723,618.93,6.427992180667964,0.0102310158718843
2016-09-30,9.206476666666669,2.160796478939317,0.00198927609126,1.4,3.87618855241893,2.587011872725154,5.837497183810555,7.681684893550618,622.69,6.434048802651979,0.0060566219840154
2016-10-31,9.001306451612903,2.16467586308616,0.0014477468129534,1.4,3.832979798087693,2.836736542063533,5.825911607889265,7.6620681114459295,638.2,6.4586517138441435,0.0246029111921641
2016-11-30,9.085673333333334,2.1603421692183873,0.0026165748815953,1.4,3.8701588013294472,2.5900171341906173,5.834781496869033,7.695671583911401,656.63,6.487120693941498,0.0284689800973545
2016-12-31,9.03068064516129,2.172075484659351,-0.004298994002772,1.4,4.006605647914094,2.641910398597665,5.890040716970018,7.713708686963158,683.87,6.5277678410796165,0.0406471471381184
2017-01-31,8.99964193548387,2.150002893440898,6.858934018971752e-06,1.4,4.0118683403978626,2.4840729690394228,5.886437309240276,7.731434985056168,693.12,6.541203144372571,0.0134353032929546
2017-02-28,8.861975,2.1489924012345005,-0.0010956846237215,1.4,3.977061401607368,2.558776498354456,5.914151444005312,7.767958082665603,690.27,6.537082825399551,-0.0041203189730198
2017-03-31,9.090909677419354,2.1846130355343387,-0.0024646278569449,1.4,3.955082494888593,2.5152741864043966,5.94316676170023,7.767568776725463,687.85,6.533570790907005,-0.0035120344925463
2017-04-30,9.193293333333331,2.1986243768313267,0.0028606724409891,1.4,3.9011642620932703,2.3813962734183356,5.958657224131864,7.776618917283901,697.66,6.547731878070505,0.0141610871635
2017-05-31,9.404041935483871,2.2127921499201624,-0.001962815343834,1.4,3.899950424193877,2.3427668826268775,5.966121097769315,7.7881286356694925,710.34,6.5657437286516,0.0180118505810948
2017-06-30,9.49528,2.2229753375818913,0.0037569963147996,1.4,3.851848282392076,2.414126467726953,5.938511982155248,7.792930918222845,698.58,6.54904970327698,-0.0166940253746199
2017-07-31,9.410048387096774,2.194029620152538,0.0007285701139565,1.4,3.951051392395625,2.328252839742623,5.934497291466729,7.812094879736538,732.51,6.59647699267517,0.0474272893981897
2017-08-31,9.321745161290323,2.1986400669549844,-0.0074085545256181,1.4,3.9644256842211942,2.359910159613315,5.923934890314382,7.812641222792854,739.87,6.606474495089761,0.009997502414591
2017-09-30,9.324233333333332,2.208299990170729,0.0046248875392249,1.4,4.043402083484526,2.252343876557299,5.9614176257556855,7.8317601799961025,783.09,6.663247631914152,0.0567731368243915
2017-10-31,9.402567741935483,2.217712486581122,0.0023428392877082,1.4,4.116595171156921,2.3204250111223765,5.976122456808712,7.853705778874407,806.95,6.693261708481831,0.0300140765676788
2017-11-30,9.600506666666666,2.2512292874496493,-0.00087534403829,1.4,4.1515122352784415,2.423031246069913,5.957623338439211,7.881401294205056,796.83,6.680641356164032,-0.012620352317799
2017-12-31,9.841890322580644,2.2509273224399293,0.0003527777596659,1.4,4.200654626915515,2.401525040848949,5.96404196153001,7.891184898109419,814.45,6.702513038803614,0.0218716826395821
2018-01-31,9.652987096774194,2.227347549163898,-0.0051095149243529,1.4,4.2162671661789055,2.605648267484129,5.980049644292683,7.945842315896444,811.01,6.698280384495621,-0.0042326543079935
2018-02-28,9.673864285714286,2.2284065648554683,0.0044996539065618,1.4,4.190866129212723,2.988204007133199,5.939197094171505,7.906116200260523,819.77,6.70902381310936,0.0107434286137388
2018-03-31,9.58322258064516,2.2365753951121268,-0.0053647406825092,1.4,4.234396317669857,2.994231147427724,5.915851596888831,7.878863687306731,805.32,6.691239713958148,-0.0177840991512114
2018-04-30,9.61725,2.23507370783376,0.0035426840343886,1.4,4.3296801543016725,2.768204123921957,5.954074157889423,7.88157879905386,859.96,6.756885876537948,0.0656461625797995
2018-05-31,9.57098387096774,2.2274399745694544,-0.0053355362573341,1.4,4.336636932375072,2.7363136663750693,5.948191634874515,7.902957001456497,875.52,6.774817995554076,0.0179321190161285
2018-06-30,9.476343333333334,2.2211973202786712,0.0035128505062669,1.4,4.349503442968322,2.7781979610042917,5.939987025225273,7.907787714953299,879.14,6.778944156902641,0.004126161348565
2018-07-31,9.501945161290324,2.221230747255942,0.002308359205255,1.4,4.306224921257599,2.551786178627545,5.970266446591802,7.943175694930099,896.4,6.798386741926772,0.019442585024131
2018-08-31,9.61501935483871,2.2453087097990654,-0.0052708456557786,1.4,4.343025897324149,2.554121718809473,5.946101005356452,7.972990016593293,906.69,6.809800605584904,0.0114138636581317
2018-09-30,9.62429,2.2149756064285846,0.0044418581848182,1.4,4.415461410760119,2.494856980641168,5.948504852667846,7.977275123313615,938.26,6.844027096098487,0.0342264905135829
2018-10-31,9.481348387096777,2.2246856582538213,-0.0006349972984658,1.4,4.315352501405889,3.055415275715165,5.890566283002889,7.905345774257954,889.66,6.790839367265101,-0.0531877288333859
2018-11-30,9.62023,2.2376117268629856,0.0064807438082414,1.4,4.055430468722875,2.8942531046041373,5.879107389714866,7.923047551017249,860.98,6.758071275354221,-0.0327680919108797
2018-12-31,9.815632258064516,2.2546018276416997,0.0041704638687329,1.4,3.923358515091892,3.2355362657613083,5.8177954495931665,7.826782263899173,799.46,6.68393649975286,-0.0741347756013617
2019-01-31,9.768851612903228,2.227040749154356,-0.0016088886921981,1.4,4.134526351854933,2.8075938314384716,5.882402745690731,7.902524418727549,835.31,6.727802913436878,0.0438664136840181
2019-02-28,9.743925,2.2276171844704153,0.0060768119133589,1.4,4.174848701881061,2.6932749155200555,5.921042082811436,7.931820011714242,865.28,6.76305315397449,0.0352502405376125
2019-03-31,9.717996774193548,2.225210726781454,-0.0045883814656466,1.4,4.218477763203211,2.6181254935742233,5.937773643910067,7.9495855535512625,863.11,6.760542145301466,-0.0025110086730242
2019-04-30,9.62048,2.225052524632917,0.0010688547768191,1.4,4.279301532151069,2.574137783515943,5.969602300250847,7.988145889994352,880.91,6.780955464077653,0.0204133187761872
2019-05-31,9.773809677419356,2.2409207440329304,-0.0031543328507011,1.4,4.201403634515509,2.9290581402859983,5.910959232448332,7.920105001141148,852.09,6.747692155053276,-0.0332633090243774
2019-06-30,9.74753,2.227954970430478,0.0029376171197128,1.4,4.212423850287702,2.71336936257981,5.952905614929358,7.98676332067539,864.63,6.762301669757867,0.014609514704591
2019-07-31,9.653790322580644,2.232736983817655,0.0038459905874859,1.4,4.15997623565093,2.7800607370784824,5.955241336950457,7.9998060881484,859.14,6.7559318889139695,-0.0063697808438973
2019-08-31,9.969612903225809,2.2658986167706767,-0.0068982515869571,1.4,4.111529386976201,2.9433857931817817,5.938801894524676,7.981548780433525,861.29,6.758431265371289,0.0024993764573197
2019-09-30,9.925603333333331,2.243762823848394,0.0078177986270748,1.5,4.110709916308365,2.787477334733532,5.974191218437525,7.998584020957203,886.6,6.787393922310954,0.0289626569396643
2019-10-31,10.114512903225808,2.2796947901677873,-0.0005190547551023,1.5,4.08260930600368,2.5817308344235403,5.983306359406519,8.021837292053938,898.05,6.80022574603947,0.0128318237285167
2019-11-30,10.106,2.2610693073444805,0.0041335434976481,1.5,4.1666652238017265,2.5352828571130672,6.009869138784087,8.052290132119458,902.45,6.805113287010258,0.0048875409707873
2019-12-31,10.024870967741936,2.240094875780552,-0.003134947705953,1.5,4.216119619148022,2.6232182655855123,6.031093830631176,8.077537179429253,931.45,6.836742511735718,0.0316292247254601
2020-01-31,9.921745161290325,2.2633603388199415,0.0092011971305412,1.5,4.056469609793174,2.935982269148217,6.017887369339086,8.078849456542128,913.81,6.817622672382929,-0.0191198393527889
2020-02-29,10.137317241379307,2.2845692829998168,-0.0018187914840055,1.5,3.937885664953874,3.6916256797819615,5.9286578588151695,7.990989935605924,830.26,6.721738904749211,-0.095883767633718
2020-03-31,11.27768064516129,2.387083520505049,-2.6317543525777864e-05,1.5,2.6979998652487085,3.9804290380922063,5.768508478217845,7.857322167012957,707.13,6.561214524523949,-0.1605243802252616
2020-04-30,11.317916666666669,2.350467473620722,0.00788400964199,1.5,2.896464271895322,3.530762586016799,5.82903384901182,7.976743063250363,775.11,6.65300495476533,0.0917904302413807
2020-05-31,10.996570967741937,2.311690968420344,0.0027267249864069,0.5,3.530762586016799,3.3145495749364833,5.858961197294888,8.021029553480894,796.77,6.680566054959177,0.0275611001938473
2020-06-30,10.73427,2.3194519908287097,0.0036676734152569,0.5,3.729061243746768,3.4154289639088797,5.887048030187554,8.039250934484956,795.22,6.678618805931518,-0.0019472490276593
2020-07-31,10.659016129032258,2.296697819827375,0.006148955855985,0.5,3.764218810659752,3.1970391302590264,5.875857267776231,8.092887712894205,826.23,6.716873185124067,0.0382543791925487
2020-08-31,10.584809677419354,2.2707410065669587,-0.0002207398147433,0.5,3.811539466849824,3.273742726309041,5.9040258060840785,8.16060681498386,859.26,6.756071553718666,0.0391983685945991
2020-09-30,10.781593333333335,2.3270331022325816,0.0036447492470736,0.5,3.696351468952637,3.272227000365195,5.88912723474016,8.12058871174027,856.09,6.752375510801816,-0.0036960429168502
2020-10-31,10.924509677419357,2.325593875387256,0.0008264706850749,0.5,3.5926438462331105,3.6381123370602833,5.835862815013409,8.092533031400581,811.85,6.6993155940331235,-0.0530599167686922
2020-11-30,10.75531,2.2783003513576268,-0.0019429268390762,0.5,3.8467375387295166,3.0238337036648657,5.964504365525199,8.194679479718983,930.39,6.835603853081346,0.1362882590482224
2020-12-31,10.611193548387098,2.2694880582235553,0.0001870001368109,0.5,3.9361300807713793,3.1245651453969594,5.992089351876824,8.2311284770022,973.97,6.881380502346825,0.0457766492654787
2021-01-31,10.363848387096771,2.264157131254693,-0.0069017884025477,0.5,4.0118683403978626,3.499231121933521,5.981035351617443,8.219929360180258,966.9,6.8740950774895015,-0.007285424857323
2021-02-28,10.285217857142856,2.270089820790288,-0.0003214678248433,0.5,4.187531276948218,3.3304171996011083,6.003862375443678,8.245686259847384,1007.07,6.9148004037087745,0.0407053262192729
2021-03-31,10.149287096774191,2.234363178942271,-0.0040595505447411,0.5,4.1513548169388805,2.9652730660692823,6.062854543194655,8.287249068544826,1058.86,6.964948136673334,0.0501477329645592
2021-04-30,10.03457,2.228849061042853,0.001283280661263,0.5,4.215529213226812,2.9236990706541595,6.080825245612778,8.33834639065912,1076.45,6.981423868907338,0.0164757322340038
2021-05-31,10.07473870967742,2.2629753176860388,-0.0078501806880559,0.5,4.239310332472287,2.818995095053937,6.102021537672626,8.343817897211142,1106.6,7.009047530464009,0.0276236615566718
2021-06-30,10.149983333333331,2.2540268101989187,0.004377631456311,0.5,4.343025897324149,2.761906873892921,6.115538862209909,8.365788737257004,1120.96,7.021940740009122,0.0128932095451128
2021-07-31,10.369774193548388,2.2765756944806506,0.0035342353464216,0.5,4.353112624509239,2.9036169846461855,6.1350019621041785,8.388281966503747,1134.28,7.033753367389803,0.0118126273806806
2021-08-31,10.4252,2.2704977855870667,-0.0113617253917723,0.5,4.296604902619887,2.8021475244813256,6.154603284485162,8.416860017472436,1141.86,7.040413790756991,0.0066604233671876
2021-09-30,10.182203333333332,2.2572040958406694,0.0039912970840836,0.5,4.354269957628839,3.1415627217655304,6.119879749321551,8.368122254487814,1163.32,7.05903326514463,0.0186194743876395
2021-10-31,9.817809677419357,2.2221823388939255,-0.0067126884900616,0.5,4.420044701861403,2.7887081041196646,6.1643879122585234,8.434980464285987,1192.78,7.084041996039668,0.0250087308950375
2021-11-30,9.978353333333333,2.277857916982532,-0.0027399590202596,0.5,4.260706099437326,3.3028492586443794,6.1376406572655835,8.426611813185,1181.27,7.074345409881552,-0.0096965861581157
2021-12-31,10.136687096774194,2.248270287812798,0.0009004737832256,0.5,4.346917457560314,2.846071498999585,6.1902744214067384,8.469300424465446,1201.43,7.091267792971616,0.0169223830900637
2022-01-31,10.010016129032255,2.2618542175892156,-0.0116136631531365,0.5,4.5255857066452485,3.2120525995200753,6.150346872168174,8.415282274600427,1174.86,7.068904270543291,-0.0223635224283249
2022-02-28,10.056260714285711,2.257222415001279,-0.0015821988657922,0.5,4.635505385784164,3.4061849231731944,6.1161349216127325,8.383419483721504,1202.17,7.0918835360431585,0.0229792654998677
2022-03-31,9.730703225806453,2.2513107457954167,-0.0180497976768156,0.5,4.675535448648655,3.0233474405869645,6.1221857448309915,8.418567722107772,1261.35,7.139937854947017,0.0480543189038584
2022-04-30,9.614076666666667,2.24934313287574,0.0062320117061345,0.5,4.685459017216894,3.5085558999826545,6.110113874092323,8.326499889147337,1239.82,7.12272148677184,-0.0172163681751769
2022-05-31,10.136774193548389,2.287437057117665,-0.0032504937919366,0.5,4.832544773830117,3.2653776585196206,6.094359525826016,8.32655313161354,1287.39,7.160372191994748,0.0376507052229078
2022-06-30,10.294466666666668,2.3149481413864708,-0.0030365954453328,0.5,4.785656726836316,3.357245494132973,6.009304465236313,8.238901557133367,1170.28,7.064998315399555,-0.0953738765951932
2022-07-31,10.18358064516129,2.263620372740946,0.0047253820333317,0.0,4.7141142729772705,3.0601145324832593,6.082880791741261,8.326102901407591,1253.18,7.133439599806098,0.0684412844065436
2022-08-31,9.829596774193549,2.2825425470452103,-0.0127150803295714,0.0,4.570061008874523,3.2530839961979376,6.028567635059484,8.282735880201754,1248.67,7.12983426384651,-0.0036053359595884
2022-09-30,10.152406666666668,2.3440138633225596,0.0014069248746615,-0.75,4.487512142519859,3.453789831781326,5.960618666936881,8.18468668089813,1102.79,7.00559861128118,-0.1242356525653294
2022-10-31,10.39882258064516,2.3285398889226294,-0.0114348528339967,-0.75,4.535820107853298,3.2534704696327,6.021508668456359,8.261521283093872,1175.45,7.069406331984031,0.0638077207028509
2022-11-30,10.329513333333333,2.324183540874105,0.0006612116944761,-1.5,4.449802098754394,3.0243197304059035,6.086865631871235,8.313879227819086,1220.76,7.107228894593657,0.0378225626096258
2022-12-31,10.445664516129034,2.3347620425055267,0.0133896117301981,-2.0,4.416669578117421,3.075928815548268,6.064598831095483,8.253097428770598,1189.0,7.080867896690782,-0.0263609979028753
2023-01-31,10.71582258064516,2.3687061669649068,0.0028911629357519,-2.0,4.423888088768799,2.9652730660692823,6.1163555942237435,8.31301858664963,1195.44,7.086269597433137,0.0054017007423556
2023-02-28,10.952189285714285,2.375195545070808,-0.0007305731816762,-2.5,4.421367532912338,3.0301337002713233,6.133636626247068,8.286559156342777,1240.92,7.123608318984884,0.0373387215517464
2023-03-31,11.281670967741936,2.412377537741091,0.0006221361082721,0.0,4.371850028222321,2.928523523860541,6.126519778100847,8.321010410184638,1193.57,7.084704095085374,-0.03890422389951
2023-04-30,11.514016666666668,2.444214111173682,0.0024130541037417,0.0,4.398391988760146,2.7587433154177283,6.145558082445382,8.335546606777317,1226.44,7.111870942811762,0.027166847726388
2023-05-31,11.718303225806451,2.4568626167325274,0.005296545339692,-0.25,4.276388302650885,2.88703285663065,6.1131510653645815,8.338025854835301,1198.54,7.088859428369653,-0.0230115144421088
2023-06-30,11.714076666666667,2.4285971321594126,0.0029145687978644,-0.5,4.310933344565636,2.6093342281630525,6.135413364450644,8.400744764772917,1214.12,7.101774813521901,0.0129153851522483
2023-07-31,11.362348387096777,2.3764668903583934,0.0063707675292592,-0.5,4.445236148071766,2.612273245708441,6.155600917842159,8.431408697860876,1244.93,7.126834582418531,0.0250597688966296
2023-08-31,11.416248387096775,2.4232564384087265,-0.0116812653515472,0.25,4.469235908747258,2.6078614738467776,6.127283945250464,8.413533450842388,1255.6,7.135368824967799,0.0085342425492678
2023-09-30,11.44232,2.390051228542463,0.0046049290979279,0.0,4.562888793731485,2.8633430855082453,6.109736352186017,8.363587363130417,1290.99,7.163164644883258,0.0277958199154593
2023-10-31,11.62406129032258,2.4391235712353536,0.0045574920833155,0.0,4.4638370098714475,2.8981194446869907,6.072260816936072,8.341362523152645,1281.02,7.155411914577353,-0.0077527303059046
2023-11-30,11.80166,2.423661128280717,0.0024502009507836,0.0,4.403298769949421,2.558776498354456,6.134720378737397,8.426786967540222,1303.88,7.173099713712204,0.0176877991348503
2023-12-31,11.498193548387098,2.3780727518219256,0.0038149197718517,0.0,4.3527265489623295,2.5217206229107165,6.171742350192701,8.47006594383429,1306.61,7.175191275829069,0.0020915621168651
2024-01-31,11.341883870967743,2.388872276194712,-0.0010170060615113,0.0,4.418599614904722,2.66374994220563,6.185529380921524,8.485836674253092,1278.32,7.153301994831133,-0.0218892809979358
2024-02-29,11.383827586206896,2.4035505434341915,-0.0023329718956386,0.0,4.437579593794131,2.5952547069568657,6.203769573241197,8.536264178580018,1266.11,7.143704486765295,-0.0095975080658377
2024-03-31,11.525767741935484,2.422117739093084,-0.0021263411834917,0.0,4.4563220892516755,2.565718292524414,6.239632363326927,8.56681158393843,1328.15,7.191542275465033,0.0478377886997378
2024-04-30,11.68493,2.433830010685614,-0.0004343565461031,0.0,4.479947041234014,2.750470916986162,6.224340583766572,8.524305836478437,1371.21,7.22344884069907,0.0319065652340366
2024-05-31,11.616135483870966,2.394899826359309,0.0016812880305137,0.0,4.37462430490712,2.558776498354456,6.250303373746643,8.57120967455725,1440.53,7.272766380409771,0.0493175397107013
2024-06-30,11.407666666666668,2.3989834868630635,-0.0028983841297787,0.25,4.468892167695464,2.520917087311034,6.23719117042245,8.605291976962821,1422.35,7.260065712285781,-0.0127006681239896
2024-07-31,11.719187096774194,2.4318938413534825,0.00336483847778,0.25,4.3992524153389505,2.794839331174601,6.2503226722461855,8.616549719156357,1459.29,7.285705295049659,0.0256395827638771
2024-08-31,11.79963870967742,2.4269423941033317,-0.0082943436351392,0.25,4.384523514872469,2.70805020110221,6.263493496152003,8.639127598195097,1439.44,7.272009428044263,-0.0136958670053957
2024-09-30,11.78117,2.428634250740019,0.0070589729020422,0.5,4.281515453077493,2.8172035149987327,6.259371116895707,8.659123216583046,1416.3,7.255803116220351,-0.0162063118239119
2024-10-31,11.78373870967742,2.445945644916735,-0.0026294445835333,0.75,4.293878247897177,3.1424266527047946,6.225330408450468,8.649177137362495,1431.41,7.266415251447483,0.0106121352271317
2024-11-30,11.74125,2.4208651537684833,0.0032328039193885,0.75,4.306224921257599,2.6034301519721073,6.234900801689954,8.704896905051022,1454.21,7.282218076825513,0.0158028253780306
2024-12-31,11.7552,2.4311282065076747,-0.0005081245825664,1.0,4.311872374750675,2.8535925063928684,6.228865970168891,8.679589213361188,1425.05,7.261962179806489,-0.020255897019024
2025-01-31,11.746922580645162,2.4303180601358494,-0.0040937615022249,1.0,4.345232973844869,2.799108932049177,6.290698390195733,8.706247035423571,1515.46,7.323474302220136,0.0615121224136467
2025-02-28,11.658339285714286,2.423596979886884,0.0056299447632017,1.25,4.314282982587362,2.9770590082883697,6.32290629486736,8.691902515208051,1489.65,7.306296472017477,-0.0171778302026588
2025-03-31,11.551219354838713,2.399004830334963,-0.0023354633764407,1.5,4.346787982581173,3.1036894150590832,6.280246015003064,8.632635712426081,1516.52,7.324173515304118,0.0178770432866404
2025-04-30,11.88012,2.429050019953926,0.0040637064287185,1.75,4.148990563335426,3.2068032436339315,6.268110949939499,8.624981557458726,1487.07,7.304563019999119,-0.0196104953049989
2025-05-31,11.614980645161287,2.407774213261455,-0.0016975631594018,1.75,4.163870624870711,2.9215473753646144,6.307497167884594,8.684687025529286,1561.61,7.353472619326849,0.0489095993277306
2025-06-30,11.584586666666668,2.4307858642662765,0.0021187607306361,2.0,4.221711158142542,2.8172035149987327,6.294102963749818,8.733102639588514,1621.29,7.390977407647037,0.037504788320188
2025-07-31,11.85341935483871,2.424328497917081,0.001332082452536,2.0,4.296332571463519,2.8166056076565553,6.302820420654982,8.754537828291317,1625.25,7.393416929084578,0.002439521437541
2025-08-31,11.859822580645162,2.430917685082179,-0.0089275738942031,2.0,4.217004574957988,2.731766727719526,6.310172791289864,8.77342484364475,1646.47,7.406388881182766,0.0129719520981872
2025-09-30,11.667346153846154,2.427848236451533,0.0,2.0,4.202750436065887,2.817801065061329,6.318102874670175,8.80142431619176,1644.57,7.405234230852722,-0.0011546503300436
