Date,EUR_NOK,log_Q,log_d_pi,log_dI_t,log_Brent,log_VIX,log_StoxEurope,log_SP500,log_OSEBX,log_OBX_Energy
2000-01-31,8.0825,0.7083567224382091,-6.310625285988639,0.5596157879354227,3.298795448044074,3.2168738221975275,5.888684033713543,7.240262522539976,5.217649463480582,5.040608250046513
2000-02-29,8.0805,0.707339597853548,-6.310625285988639,0.5596157879354227,3.3241301279891236,3.1514531485507664,5.955863275865008,7.219942141508696,5.243861180751978,5.044250582580317
2000-03-31,8.0885,0.7080998117041545,,0.5596157879354227,3.3194507141126337,3.1826266921930797,5.976604684200958,7.312273272051751,5.238036435663107,5.107913233560726
2000-04-30,8.1475,0.7090775885750407,-5.243479421718976,0.6931471805599453,3.134189016701007,3.265759410767051,5.972842222979887,7.2809932947936735,5.2045559867335625,5.047809041849748
2000-05-31,8.305,0.7190347990492053,,0.6931471805599453,3.323398570339725,3.1633631149379418,5.940802632305754,7.25883459656371,5.250176991220101,5.174198677961622
2000-06-30,8.185,0.7119099376343069,-10.986609326467148,0.9162907318741551,3.391820219849558,2.972463646614637,5.931555294354073,7.28248622772044,5.279644101282416,5.138659047482361
2000-07-31,8.199,0.7152065638975686,,0.9162907318741551,3.3613269951512414,3.032064202801381,5.947068464805155,7.266009974456078,5.307277107919509,5.160909900217512
2000-08-31,8.0745,0.7080828091171603,,1.0986122886681098,3.4091762186038137,2.8237570088141806,5.978784493950608,7.32493813204429,5.396351106819402,5.321354951799315
2000-09-30,8.0255,0.7033645253632652,-5.663880452813028,1.1786549963416462,3.5042752941624293,3.0238337036648657,5.933411615659365,7.269971839759542,5.36550861608836,5.257292226395105
2000-10-31,7.8735,0.6939866091121369,,1.1786549963416462,3.431632717894206,3.1625170911988163,5.961082656221897,7.265003058819054,5.360822571899434,5.201608208630003
2000-11-30,8.0525,0.7049740952853849,-7.915023361457985,1.1786549963416462,3.4814144331112913,3.3894621254437345,5.895091302450393,7.181553921075292,5.276071757600717,5.095037715162604
2000-12-31,8.2335,0.7182757877428356,,1.1786549963416462,3.234723773651104,3.2902658209548736,5.88552052791174,7.185697573412947,5.27709373009641,5.090942582149932
2001-01-31,8.205,0.7120834418191054,-4.689298596828931,1.1786549963416462,3.2428191402831223,3.091951131294534,5.892555398778768,7.219649360748156,5.304299438225584,5.121102747122227
2001-02-28,8.244,0.7117047034460132,-5.200510394774791,1.1786549963416462,3.317285093635585,3.3446270301737613,5.814190231535541,7.122818270331615,5.302309387817574,5.196450740144466
2001-03-31,8.057,0.7024178045790621,,1.1786549963416462,3.1994891110680106,3.3548043420924447,5.7736194342449805,7.056459726401484,5.215479088239032,5.121222128725663
2001-04-30,8.0925,0.7063318435940185,,1.1786549963416462,3.2436074610873846,3.2378938307039626,5.8348692148849075,7.1304907470417005,5.27709373009641,5.199822119798937
2001-05-31,7.93,0.698036450922035,,1.1786549963416462,3.344444957503504,3.119718253334982,5.834723013916797,7.135559950378504,5.332718793265369,5.1970595344738095
2001-06-30,7.8865,0.6959977866003014,,1.1786549963416462,3.328029138764723,2.947591898226056,5.797121015086702,7.11231929471845,5.268888555857225,5.174849452547792
2001-07-31,7.985,0.7016227054382425,-6.813716061506914,1.1786549963416462,3.20634604105257,3.073618812211062,5.758744032730175,7.099391651200748,5.241747015059643,5.120983351265121
2001-08-31,8.0675,0.7069217347281351,,1.1786549963416462,3.244883072553667,3.2156706939192525,5.695951895541013,7.033136045313282,5.173887288169859,5.0515852804252095
2001-09-30,8.11,0.7072785700422723,-5.3969174675720835,1.1786549963416462,3.2498446358163378,3.4635460067266908,5.58458594048131,6.947879430066291,4.991112627607392,4.9614450499054845
2001-10-31,7.9985,0.6990278914001824,-5.869777048162967,1.1786549963416462,3.022578348626874,3.5133348815990053,5.625496556257657,6.965816618395407,5.0132984115157395,4.994438159193685
2001-11-30,7.951,0.6951484075526159,-6.301641157784937,1.55814461804655,2.935203480479169,3.171364842197149,5.666253662763787,7.03830096882878,5.0682750735426705,4.9320248935143445
2001-12-31,7.9735,0.697594672545333,,1.4469189829363254,2.929454606570011,3.169685580677429,5.6995401553980685,7.045846260862676,5.119190700650601,5.006359499233468
2002-01-31,7.841,0.6921847992003017,,1.4469189829363254,2.96875883605244,3.0487989944906833,5.678293711889035,7.030149887195743,5.097424424168647,4.981755594545605
2002-02-28,7.712,0.6828731821231098,-6.250159830722243,1.4469189829363254,3.0076784896616666,3.072230244526716,5.669329046586822,7.009165000520575,5.1089711948171175,5.019661105303568
2002-03-31,7.712,0.6827496678730565,-8.316342597872534,1.4469189829363254,3.1646171874295566,2.856470206220483,5.713831810509203,7.045245076773334,5.187944309066666,5.117095205197383
2002-04-30,7.573,0.6757636296206783,,1.4469189829363254,3.24216257164339,3.086943153607375,5.672085387912946,6.98186039398892,5.1387352967235715,5.114154114874711
2002-05-31,7.478,0.6684675398455204,-6.398167059262772,1.4469189829363254,3.2344951412528973,2.9947317732204075,5.631319302922485,6.972737451691795,5.111385197196399,5.100780643947601
2002-06-30,7.4305,0.6649383529620915,-7.5970199112816275,1.4469189829363254,3.180564564703819,3.2347491740244907,5.537491734934774,6.897300821078278,5.000584958242754,5.012832877639743
2002-07-31,7.427,0.6653950947609053,,1.55814461804655,3.2488604681522264,3.466672963621067,5.427721503759297,6.8152122670349256,4.91705694713669,4.9278332273351175
2002-08-31,7.3815,0.6649980770637419,,1.55814461804655,3.2812628396265224,3.4855385300959063,5.4241567513871844,6.820092780968305,4.8782461060505105,4.920053915865017
2002-09-30,7.3415,0.6610455317390488,-6.102702489041154,1.55814461804655,3.347503547464373,3.681099266794974,5.2717680313145,6.703482548418179,4.7059200890882344,4.7733082982655715
2002-10-31,7.365,0.6620924718282671,-6.7532537530090435,1.55814461804655,3.3168920175343755,3.4384931664058525,5.361339112964193,6.7864799021953,4.7664383335842135,4.763113664054046
2002-11-30,7.282,0.65645285985634,,1.55814461804655,3.1941185435201835,3.3141860046725258,5.404792261055042,6.8419466182253075,4.837075242970874,4.774068722449905
2002-12-31,7.291,0.6596119320179502,,1.55814461804655,3.3494172681748893,3.3541057741283047,5.30697973962669,6.779717341095433,4.746669748261791,4.833181868699161
2003-01-31,7.452,0.6728782509907238,,1.4469189829363254,3.43870032583649,3.4394560937792455,5.241747015059643,6.751919847424009,4.697749367281185,4.766693620144763
2003-02-28,7.725,0.6906906551780201,-7.186675959570004,1.4469189829363254,3.4867851267209433,3.388787361585474,5.202632116413628,6.73477000316517,4.6210435351443815,4.755829062273205
2003-03-31,7.8995,0.7040575677959758,,1.3217558399823195,3.4216955292038813,3.3724549127965013,5.172810831308315,6.743092877417999,4.6443908991413725,4.770345583947075
2003-04-30,7.838,0.7003948519995461,,1.3217558399823195,3.221020190738086,3.0544727685765913,5.272383984521532,6.821020227447476,4.767289035464526,4.81014976667463
2003-05-31,7.8785,0.7025838800534752,-7.2100795826499295,1.1786549963416462,3.253931548940277,2.968874819384108,5.280865972934281,6.870665892936763,4.822697998516666,4.891521373204877
2003-06-30,8.2935,0.7299942278642008,,1.0986122886681098,3.3178036953554875,2.9714395809849465,5.312910368850937,6.881924518947615,4.8993312245375815,4.998326517628658
2003-07-31,8.161,0.7237853009270014,,1.0986122886681098,3.34784197389814,2.9699015135194693,5.352379324646567,6.898018025426389,4.9788005705762375,5.056971656504291
2003-08-31,8.247,0.7312878422001627,,0.6931471805599453,3.3986673019877403,2.924773184613497,5.369241704884735,6.91574328970432,5.029784112935016,5.099598099144351
2003-09-30,8.184,0.7275871595738148,-11.954288171713609,0.4054651081081644,3.2958492116071345,3.1232455938529506,5.3320422359496575,6.9036870148061835,4.960043507980195,5.024321213200819
2003-10-31,8.211,0.7281703802431385,-6.1724951226054845,0.4054651081081644,3.39264478320321,2.7788192719904172,5.400558020494584,6.9572214051139865,5.080783053998338,5.100000565168846
2003-11-30,8.1625,0.7272633372294364,,0.4054651081081644,3.3618904425693024,2.792391349535961,5.408516158846112,6.964324630470031,5.089446474520545,5.106829931137788
2003-12-31,8.4225,0.743755253350851,,0.22314355131420976,3.3947573341619464,2.907447358686419,5.435074799902897,7.013834536283295,5.14166355650266,5.188156458532343
2004-01-31,8.719,0.7617079382387231,,0.0,3.4395181862971174,2.811208293204836,5.463026396025077,7.030963571283585,5.214392131610276,5.252215834765132
2004-02-29,8.737,0.7626399124112633,-9.638455520978113,0.0,3.430041722733296,2.6775909936175015,5.491372775544961,7.043107512868596,5.308762624409575,5.358697252536749
2004-03-31,8.436,0.7463344197405989,,-0.2876820724517809,3.514516466308633,2.817801065061329,5.466328685224197,7.026613292198607,5.266826699456666,5.337576540500153
2004-04-30,8.221,0.7353209177374187,,-0.2876820724517809,3.5112468868061133,2.844327819394758,5.476672735072112,7.009625711378464,5.238036435663107,5.314643369146809
2004-05-31,8.212,0.737429595973747,,-0.2876820724517809,3.6231875799483477,2.740840023925201,5.469283021803666,7.0216909229096265,5.25540986553676,5.3456588628570865
2004-06-30,8.4365,0.7504755820976903,,-0.2876820724517809,3.5608566707273606,2.663052835171474,5.484215851832334,7.0395201121589395,5.320567975482857,5.415237808054813
2004-07-31,8.42,0.7502096390802969,,-0.2876820724517809,3.6429875054126177,2.729159164312445,5.465525285531943,7.004627873943609,5.3067814449601665,5.410435498001729
2004-08-31,8.401,0.7512329770096928,,-0.2876820724517809,3.75723125994715,2.727199019940971,5.453738667365866,7.006912594515323,5.31664832323276,5.409147397101306
2004-09-30,8.341,0.7444185917047692,-4.929915042545062,-0.2876820724517809,3.7634843266017604,2.590767040487478,5.4711776395524785,7.016232931317529,5.390440655423842,5.518697102039515
2004-10-31,8.1465,0.7339132087496729,,-0.2876820724517809,3.90605036596418,2.7893229212309465,5.481888142742423,7.030149887195743,5.363636832668679,5.475911098101761
2004-11-30,8.105,0.7305455181557823,-6.267693807333848,-0.2876820724517809,3.7613163880034426,2.5832425505088623,5.507402560611206,7.068018666656876,5.448460024977757,5.555019477389512
2004-12-31,8.2385,0.7402090346650525,,-0.2876820724517809,3.678983879826116,2.587011872725154,5.5255326172323,7.0999611578500685,5.466793516519938,5.529520353187855
2005-01-31,8.26,0.740680207035445,-6.4263710783824175,-0.2876820724517809,3.788330608353986,2.551006451492524,5.548492256913277,7.074345409881552,5.491001710377538,5.570041536268975
2005-02-28,8.22,0.7389506668241631,,-0.2876820724517809,3.819798061385629,2.4915511925066687,5.577046985101792,7.09307234475589,5.5610661724546055,5.706478836203944
2005-03-31,8.206,0.7394710333456159,,-0.2876820724517809,3.9732030706802712,2.640484881606444,5.569069431776972,7.073769592501361,5.546348633370026,5.678683446156738
2005-04-30,8.143,0.735524710122144,-7.517217806555974,-0.2876820724517809,3.9500699530650487,2.7285062096695922,5.545411792018033,7.053456073153691,5.495116942522644,5.6762022803450085
2005-05-31,7.939,0.7237548042075195,,-0.2876820724517809,3.88360361832269,2.587011872725154,5.588334211296536,7.082968296538797,5.554508771908447,5.745595977469612
2005-06-30,7.9155,0.7233985393223293,,-0.2876820724517809,3.9962538536614063,2.488234439880675,5.620110968628586,7.082825609061898,5.64685932725658,5.897436794642088
2005-07-31,7.887,0.7234088739491221,,0.0,4.0538585327646395,2.448415541205585,5.652594437886767,7.118162060926628,5.69910488510509,5.968589906005584
2005-08-31,7.866,0.7226885918060987,,0.0,4.161138602279482,2.533696813957432,5.651857401791282,7.1068765929542685,5.755742213586912,6.073560529983887
2005-09-30,7.877,0.7224673036599818,-6.29081877787472,0.0,4.1412387502700065,2.4782176616372036,5.6950780340260545,7.113801500381127,5.793623178655991,6.1223480621968935
2005-10-31,7.806,0.7181801431400034,,0.0,4.070960367473205,2.729159164312445,5.670880423313603,7.095901506067354,5.711089049838639,5.998946487455737
2005-11-30,7.9715,0.7272861545658461,-6.109773349008588,0.22314355131420976,4.011482142152678,2.4898941912990393,5.702014245593553,7.130482743744342,5.750029725821521,6.028223097008113
2005-12-31,7.985,0.7297379705060405,,0.0,4.0401097641876085,2.4907230351094403,5.73666906699042,7.129529893730101,5.806639860095909,6.114701571580291
2006-01-31,8.092,0.737863301860212,,0.0,4.14012456804688,2.5610957881455465,5.771565725958661,7.154677854960619,5.872681011118015,6.2497319694278035
2006-02-28,8.024,0.7329219127881494,-6.28162090312604,0.0,4.097636756047633,2.5128460184772416,5.79264768778483,7.155130849024771,5.902906520126191,6.221108922204517
2006-03-31,7.9675,0.7306436829839876,,0.22314355131420976,4.127961306318864,2.432735777459091,5.812457491281857,7.166134691385161,5.982171500196389,6.3243912199255465
2006-04-30,7.757,0.7191844885109635,,0.22314355131420976,4.248857081339532,2.4501426573516603,5.81853871195439,7.178247956669375,6.008813185442595,6.39154686060289
2006-05-31,7.8155,0.7241235669304296,,0.22314355131420976,4.2455092215038075,2.799717389628034,5.7647521349792195,7.146843043083483,5.943848693166319,6.3075044582147
2006-06-30,7.936,0.7319004838722181,,0.4054651081081644,4.225942837578848,2.5710843460290524,5.770381371760691,7.146929647368874,5.930652407711224,6.302379020217954
2006-07-31,7.8615,0.7295470506629443,,0.4054651081081644,4.301411182368287,2.7047112998366956,5.787020073226257,7.152002571560833,5.942799375126701,6.33127406594578
2006-08-31,8.0795,0.7441956990947161,,0.5596157879354227,4.29596788297155,2.510411940196362,5.81332423670725,7.173053696148825,5.945944031806173,6.30070505745913
2006-09-30,8.235,0.7488225798182756,-4.677483636394952,0.5596157879354227,4.131361995234473,2.4832385926873033,5.833142679961908,7.197323072344129,5.917818006939683,6.228205236928217
2006-10-31,8.332,0.7530928699618303,-5.928945659229092,0.5596157879354227,4.0584777882140965,2.4069451083182885,5.867430766184534,7.228344909261355,5.998191867857408,6.299004392394223
2006-11-30,8.166,0.7426390258400066,-6.235127009802916,0.6931471805599453,4.071684188789719,2.3896797998449792,5.8630059802041785,7.244677414383715,6.023447592961033,6.328627616477863
2006-12-31,8.238,0.7481094256518135,,0.0,4.1339839222218755,2.4475508632442313,5.900609428763896,7.257214250300562,6.087683404848525,6.388998284889866
2007-01-31,8.148,0.7448333738920878,,0.22314355131420976,3.978728531751759,2.343727036325221,5.920827467508541,7.271175422825089,6.132747071941871,6.390257445448082
2007-02-28,8.12,0.7412627208079027,-5.505497916868232,0.22314355131420976,4.053609369490017,2.7356653681351832,5.899979541985754,7.249087117160699,6.088137434368242,6.341108582031533
2007-03-31,8.119,0.7410815374711686,-8.266303459494898,0.4054651081081644,4.129203003603017,2.6837575085331657,5.924843859766086,7.2590176010759855,6.134048590563775,6.404887904181193
2007-04-30,8.1265,0.7434612687287754,,0.4054651081081644,4.215627638423742,2.6546494243750947,5.958243798116312,7.30139743731359,6.168773562078393,6.426689084579914
2007-05-31,8.1195,0.7430964776583922,,0.5596157879354227,4.2109273557732685,2.5687881337687024,5.983281154299963,7.333428161061652,6.207180582593395,6.467260742004561
2007-06-30,7.9725,0.7359488973453403,,0.4054651081081644,4.262163311719537,2.7868613815264998,5.975614597677916,7.315451230241661,6.230875070886063,6.528473866369446
2007-07-31,7.9595,0.7367181010120221,,0.4054651081081644,4.342023357332589,3.1578511230304263,5.940355446282071,7.282946729400474,6.205769149754987,6.50377007527506
2007-08-31,7.944,0.7350104972774912,-6.428420660287698,0.5596157879354227,4.26037827536664,3.1518809560439225,5.929429556188449,7.295728288465753,6.160363083569796,6.453565154582372
2007-09-30,7.7185,0.7184780826214703,-5.221709851509192,0.6931471805599453,4.3436409061572165,2.8903717578961645,5.934523756645172,7.330896572103244,6.207180582593395,6.527410984456139
2007-10-31,7.791,0.7248180223611562,,0.6931471805599453,4.410441657461802,2.9193910402972683,5.962112973393123,7.345610129891953,6.242417799061459,6.528812815251311
2007-11-30,8.114,0.7463135348944939,,0.6931471805599453,4.5287102192931945,3.12982600803469,5.914475505579847,7.300567340522536,6.20010341221931,6.48863333942636
2007-12-31,7.961,0.7380809372511979,,0.8109302162163288,4.5114796615754855,3.1135153092103742,5.898910565497374,7.291901410717735,6.196036712836756,6.461400986596536
2008-01-31,8.076,0.7473728172415653,,0.8109302162163288,4.523813174134864,3.265759410767051,5.775048316543199,7.228787501115457,5.97609706997686,6.263832454031163
2008-02-29,7.914,0.7350866267292665,-5.199458248823895,0.8109302162163288,4.551503842210102,3.2786530289040616,5.765034350687964,7.1934077932733755,6.057018177847421,6.3908981689843865
2008-03-31,8.051,0.7446940054675609,,0.8109302162163288,4.63905722142938,3.242982900211434,5.723454374453665,7.1874303810320015,6.021023349349527,6.3463028053717565
2008-04-30,7.974,0.7411038790737225,,0.9162907318741551,4.692225173137896,3.0344721018699214,5.77793092218126,7.233881320692058,6.138158926258786,6.498876852123827
2008-05-31,7.908,0.7395773670509506,,0.9162907318741551,4.81208731420984,2.8808824318750488,5.7749241469273445,7.244498907344708,6.208992359636556,6.594717107214672
2008-06-30,8.009,0.7468911221841438,,1.0116009116784799,4.889882854119344,3.175968323856924,5.667775259350199,7.154615356913663,6.138590611998276,6.535627263272486
2008-07-31,8.0205,0.747380462670946,-7.819347594415491,1.0116009116784799,4.896174957961236,3.1328821117012247,5.648128810465367,7.144707056427206,6.049733455231958,6.4448067042100785
2008-08-31,7.9435,0.7415950168893778,-5.9780751306098425,1.0116009116784799,4.733662695057788,3.027715319407042,5.663585284904788,7.15682385388792,6.053734872834107,6.436602189359872
2008-09-30,8.333,0.7598130629448263,-4.680513428935638,1.0116009116784799,4.58423932247272,3.6735119769828146,5.54537273790856,7.060253165126674,5.763308453970228,6.194731868417399
2008-10-31,8.53,0.7693001497149745,-5.813455157669668,0.5596157879354227,4.274284252364446,4.092509546276371,5.402992647486168,6.876006580667557,5.500441550638171,6.019495483727929
2008-11-30,8.92,0.7890816084848093,-6.445229521137119,0.5596157879354227,3.955293200657922,4.022490458454117,5.32908902521479,6.798208234250468,5.393172897560715,5.931125197097676
2008-12-31,9.865,0.8327588240046859,-6.02538166261242,0.0,3.671487145470951,3.6888794541139363,5.28269598564508,6.80599937002775,5.418320158942733,5.8906298854159305
2009-01-31,8.8875,0.7860583142475813,-7.4549516318988225,0.0,3.7633433537013836,3.8031005982039594,5.253476892074882,6.716449484516678,5.419649651715562,5.9232740322182975
2009-02-28,8.886,0.7827849206833424,-4.961320448966184,-0.6931471805599453,3.770451211974409,3.836221292011864,5.152829059799431,6.599992940696164,5.368775830196598,5.895828814317033
2009-03-31,8.89,0.7826845594704375,-7.308860258811787,,3.8421264999805254,3.7873664008285903,5.173094221793959,6.681945676910808,5.421861552639491,5.924210341835988
2009-04-30,8.7245,0.773699623731993,-7.16502380945108,,3.9228904073922024,3.597312260588446,5.299466705804558,6.771717891831778,5.531807209916391,5.988266940207774
2009-05-31,8.8785,0.7814888375009059,-7.512347974378544,0.22314355131420976,4.050555580940733,3.3645333972905638,5.338547185767103,6.8234384502526595,5.678806488586024,6.128930377172811
2009-06-30,9.018,0.7880050603927989,-6.639765864388382,0.0,4.2308887728601805,3.2714682749873716,5.327050585370909,6.82363426631673,5.642970335259443,6.102757679940184
2009-07-31,8.715,0.7728459187009843,,0.0,4.165103615027668,3.255014871484074,5.41570032218308,6.895156243405622,5.6957503029589365,6.130123707729759
2009-08-31,8.607,0.7696596690110031,,0.0,4.283337365073978,3.25848107946056,5.4638318050256105,6.928165564753758,5.704448919199361,6.136715743748208
2009-09-30,8.46,0.7551137813038903,-4.272198936915121,0.0,4.212744691387731,3.242982900211434,5.490877991384453,6.963265668909704,5.7791991139409555,6.15502156260799
2009-10-31,8.3915,0.7528743554608874,,0.22314355131420976,4.285737750287982,3.4239368686316447,5.467764738858386,6.943305803687527,5.803326104992462,6.191705832204879
2009-11-30,8.5125,0.7596478240752004,,0.22314355131420976,4.33448943521622,3.1990811975400213,5.477174596150773,6.999084819270334,5.855358414110991,6.222727050353942
2009-12-31,8.315,0.7490703082422699,,0.4054651081081644,4.307915560778377,3.0763901765714454,5.534021699907105,7.016699365971316,5.917818006939683,6.276227989499705
2010-01-31,8.212,0.7439248098467046,,0.4054651081081644,4.332192377241633,3.2035591207563074,5.509226380193904,6.979024224911996,5.893576046288857,6.23260321079411
2010-02-28,8.0435,0.7323568273061064,-5.663987588421932,0.4054651081081644,4.299450213906173,2.970414465569701,5.504518197131935,7.007138968948656,5.859075359062237,6.21928116262973
2010-03-31,8.029,0.7357525479915966,,0.4054651081081644,4.366949839152235,2.8673305587494666,5.574318987350425,7.064271729594139,5.931449114697996,6.274421096843801
2010-04-30,7.8445,0.725482820536386,,0.4054651081081644,4.437303650163721,3.093312601892855,5.5603354172443025,7.078923197906002,5.948034989180646,6.312514904073782
2010-05-31,7.939,0.730741353782776,-6.827686309336034,0.5596157879354227,4.3311619411233595,3.4679210137050633,5.501135754067647,6.993391544272232,5.841222883777439,6.2136476373270675
2010-06-30,7.9725,0.7307001008524986,-5.449963377860118,0.5596157879354227,4.313703181933339,3.5421180727185324,5.494377449452505,6.938003164139856,5.793318439967056,6.1786492595679245
2010-07-31,7.9405,0.7308423629989066,,0.5596157879354227,4.322195296914753,3.1570004211501135,5.542635153093653,7.004518947414445,5.881649681100775,6.18752463001245
2010-08-31,8.0245,0.7384278454301684,,0.5596157879354227,4.341914233762629,3.260017768199376,5.526687236833828,6.955907144244063,5.865617837242007,6.158333999343015
2010-09-30,7.968,0.7329073478294602,-5.413782090080289,0.5596157879354227,4.351197943130784,3.1654750481410856,5.559604127640286,7.039835619339345,5.943848693166319,6.228215101828408
2010-10-31,8.192,0.7475592879563643,,0.5596157879354227,4.413548744819302,3.054001181677967,5.583345921534254,7.076028620050033,6.002898924733645,6.277019358543589
2010-11-30,8.091,0.741561598047002,-8.41052076911927,0.5596157879354227,4.445564655477869,3.1587011018321305,5.567695438201781,7.073735710562972,5.981666704627871,6.27015632772163
2010-12-31,7.8125,0.7266276750935583,,0.5596157879354227,4.515922880086369,2.8763855159214247,5.619712222859976,7.136992227784899,6.086092676186764,6.385093213440191
2011-01-31,7.927,0.7363842385910571,,0.5596157879354227,4.567974002735614,2.9719517448885875,5.634968158655841,7.159385213041416,6.06425021683363,6.386357297611111
2011-02-28,7.709,0.7223784131899474,-6.759936654239212,0.5596157879354227,4.6398717746916445,2.9096295745005794,5.657633818630221,7.190841808081561,6.100767281998432,6.434321774433209
2011-03-31,7.833,0.7339533752489551,,0.5596157879354227,4.742269399910498,2.8758219768814333,5.62003848122324,7.1897939573986225,6.098972754823267,6.457271884222308
2011-04-30,7.782,0.7273024912667571,-4.922952642432386,0.5596157879354227,4.816381497096962,2.691243082785829,5.648199290079167,7.217890873765752,6.10412336524692,6.443765530053178
2011-05-31,7.759,0.7284935576917578,,0.6931471805599453,4.744076222208108,2.7376090033437546,5.638568169672599,7.204297979866115,6.0888180923638915,6.422369955697924
2011-06-30,7.7875,0.7312402665388358,,0.6931471805599453,4.732973957059888,2.804571768092832,5.608958843134728,7.185871746564217,6.043345168984971,6.378392227217688
2011-07-31,7.737,0.7289543493291349,,0.6931471805599453,4.757389970578342,3.228826155721369,5.580672777494092,7.16416337912879,6.03476347150313,6.363079826340749
2011-08-31,7.7395,0.7326197363105417,,0.6931471805599453,4.700662167447312,3.453789831781326,5.469872843189151,7.105695887509669,5.936216072877503,6.299978129139696
2011-09-30,7.888,0.7375042299619163,-4.73091866684314,0.6931471805599453,4.729842031804832,3.7602694502006093,5.421331142443181,7.031228759966886,5.853064177371955,6.253155508034431
2011-10-31,7.7015,0.7276989669604814,,0.6931471805599453,4.696481177341769,3.3998631586490187,5.495034803625724,7.133535351617477,5.9511632503344565,6.366057991549059
2011-11-30,7.753,0.7318249232562821,,0.6931471805599453,4.704731921169512,3.3250360206965914,5.480972201132111,7.128463868180796,5.942536873484558,6.399775601666065
2011-12-31,7.754,0.7319892543940493,,0.4054651081081644,4.681420102172311,3.152736022363656,5.499378894716044,7.136960421674942,5.953243334287785,6.420467129346189
2012-01-31,7.656,0.7270690815607749,,0.4054651081081644,4.703835435060171,2.967332799032293,5.5389471388695215,7.179612801086947,5.984943330117717,6.422613646147276
2012-02-29,7.4405,0.7124613910798525,-6.534714606890678,0.4054651081081644,4.781661561867363,2.9139797716817317,5.577160490332613,7.219407752072497,6.063552623502236,6.510764164953352
2012-03-31,7.604,0.7267090895563826,,0.22314355131420976,4.832647558524538,2.740840023925201,5.573370022599676,7.2502592878350685,6.05584680603725,6.48530676583356
2012-04-30,7.5875,0.7258740365137475,,0.22314355131420976,4.789644978460876,2.8419981736119486,5.550164985990602,7.24273354303902,6.04310778025982,6.481301440435488
2012-05-31,7.5235,0.7200458047680862,-5.644046031842411,0.22314355131420976,4.702457881359764,3.180550710546533,5.479513290054481,7.178034292868551,5.951683677096137,6.397612755183562
2012-06-30,7.533,0.7223705381610889,,0.22314355131420976,4.556519012159054,2.837908188360424,5.526130000710509,7.216826954112388,6.0090588555089335,6.4209716496963845
2012-07-31,7.4215,0.7135417746331985,-5.748062178665943,0.4054651081081644,4.629525999145635,2.9407479652212314,5.5659752871688895,7.2293459030850995,6.048081147526878,6.462530112300095
2012-08-31,7.2925,0.7105079032471104,,0.4054651081081644,4.730668187481724,2.8604851241459652,5.584360596831292,7.248916505089482,6.0758056955417326,6.4913454958244285
2012-09-30,7.3695,0.7124219338785618,-5.019987528036262,0.4054651081081644,4.72847866894655,2.7555697170701863,5.592776423278841,7.272863562139682,6.100094711633431,6.492966843413089
2012-10-31,7.3855,0.7141079023420928,,0.4054651081081644,4.716656737820594,2.9231615807191558,5.599532453282402,7.252875726081182,6.091762268423346,6.458698719947111
2012-11-30,7.376,0.712535379576065,-6.254385029005688,0.4054651081081644,4.690044280616081,2.7644305345383176,5.619603446413595,7.2557183848188425,6.091536100832197,6.440180697210462
2012-12-31,7.341,0.7114200658145107,,0.4054651081081644,4.694963710718443,2.8914822521801917,5.6336460924671705,7.2627618319303,6.0960497622980565,6.447686138879932
2013-01-31,7.435,0.7177186472201535,,0.4054651081081644,4.724131022388444,2.658859956911438,5.660248472632473,7.311959592622879,6.143756357450241,6.494389038977715
2013-02-28,7.487,0.7197966938883827,-5.912396486361931,0.4054651081081644,4.7552944031363875,2.7414849771884473,5.669674005022752,7.322959474511035,6.159306782637103,6.480688526316212
2013-03-31,7.474,0.722593738656702,,0.4054651081081644,4.687083104025247,2.5416019934645457,5.682831187903269,7.358314841641118,6.155282632337377,6.471387566134156
2013-04-30,7.6075,0.7276773414686353,-4.932762885841983,0.4054651081081644,4.625377959959442,2.604170070614818,5.692788933181335,7.376239003758043,6.173994415536895,6.445370552049637
2013-05-31,7.614,0.7276130047914112,-6.920592368818325,0.4054651081081644,4.630488881068762,2.791165107812717,5.706711514162081,7.396789178509619,6.197868774417894,6.468924682387294
2013-06-30,7.8845,0.7473443194600158,,0.4054651081081644,4.632555106023393,2.8249439525737094,5.652559353245066,7.381676225511917,6.1501762382628025,6.4079849858931315
2013-07-31,7.8655,0.7441706357536301,-5.454375359513866,0.4054651081081644,4.681966936448839,2.598979106047848,5.702381493740573,7.4299539833888915,6.2053655170552595,6.447099819128722
2013-08-31,8.0905,0.7580490067628388,,0.4054651081081644,4.711637830488028,2.8338014064077703,5.694808999857092,7.398155721705573,6.208187530619269,6.488885731450287
2013-09-30,8.114,0.7587199399587459,-6.5237819875715735,0.4054651081081644,4.719727283154873,2.8094026953624978,5.738055068598297,7.427471266093574,6.218201633932322,6.4934360889203475
2013-10-31,8.104,0.7565992555236101,-5.716621024647537,0.4054651081081644,4.691377476345835,2.6210388241125804,5.775699954193676,7.4711012440056574,6.277207240178711,6.516607191468766
2013-11-30,8.32,0.7675285562218253,-5.847806020047491,0.4054651081081644,4.681387123187045,2.617395832834079,5.784317368878372,7.4987645235698634,6.296740927960714,6.514742320063211
2013-12-31,8.3825,0.7716569946447709,,0.4054651081081644,4.708108092076296,2.6188546222977394,5.79380597730379,7.522054038424367,6.3079162755558436,6.543120165362228
2014-01-31,8.511,0.7763582552338987,-5.294556803707217,0.4054651081081644,4.682650805381705,2.9128939952449864,5.776165149816821,7.485822641897419,6.283574302886914,6.523033532011873
2014-02-28,8.275,0.7623665526128571,-6.175738885299107,0.4054651081081644,4.690567761500319,2.6390573296152584,5.823105065330082,7.528036024054968,6.3202285802858755,6.576386000096827
2014-03-31,8.255,0.7631748039801773,,0.4054651081081644,4.678894213476751,2.6304489550786583,5.812068706230231,7.534944264477532,6.331501849893691,6.614980259464347
2014-04-30,8.272,0.7605098010529246,-4.857966243121186,0.4054651081081644,4.681757700581742,2.596000697293587,5.822720398727715,7.5411259155060035,6.360265670844555,6.6596784611227156
2014-05-31,8.1425,0.7530724810121112,-9.52405592805496,0.4054651081081644,4.696581278620794,2.4336133554004498,5.8413390885303444,7.561938113523938,6.405724202897641,6.705688053269843
2014-06-30,8.4035,0.7697587827788829,,0.4054651081081644,4.717298746671637,2.448415541205585,5.834401296528122,7.580817092278725,6.426326632066933,6.739265618918974
2014-07-31,8.405,0.7668236527496723,-5.034899022189416,0.4054651081081644,4.671688600680963,2.830267833826459,5.817081397615548,7.565622371915289,6.417222358483909,6.684499221339328
2014-08-31,8.1465,0.7541829758580573,,0.4054651081081644,4.621827454367854,2.4832385926873033,5.834810737062605,7.602586041522268,6.413786772282569,6.656649400381806
2014-09-30,8.119,0.7498251591600894,-5.139158827239059,0.4054651081081644,4.576544348399648,2.7917784166329223,5.837963656122221,7.586950583174021,6.412474866551609,6.6301027421675345
2014-10-31,8.49,0.7690209600185194,-5.610530868405736,0.4054651081081644,4.471542936234859,2.6411978941143697,5.819489282368171,7.609886977613547,6.372124536297175,6.47944622344868
2014-11-30,8.6975,0.7788573667564951,-5.871602805481125,0.4054651081081644,4.373090997178576,2.5900171341906173,5.850044981634453,7.634124447032986,6.339123973119759,6.349418672545094
2014-12-31,9.0365,0.7944251684834961,-5.5093007942249,0.22314355131420976,4.128465444681737,2.954910279033736,5.836388439204223,7.6299271385826986,6.3561076606958915,6.342139024199977
2015-01-31,8.8335,0.7797822482452527,-4.661686031444252,0.22314355131420976,3.8789264689066507,3.0430928449138284,5.90549807855679,7.598394316780073,6.390576181243971,6.306913769206218
2015-02-28,8.574,0.7674722926481845,,0.22314355131420976,4.061501563382116,2.590767040487478,5.971797410632506,7.651833188210626,6.422597401964724,6.413262216503706
2015-03-31,8.7035,0.7760010048460532,,0.22314355131420976,4.027601462247758,2.727199019940971,5.984691662820553,7.63428404272424,6.428428322275518,6.382357326032889
2015-04-30,8.3845,0.7583184230588773,-7.206239704049978,0.22314355131420976,4.082822886341611,2.6775909936175015,5.980883767563795,7.64276870863869,6.460530236625741,6.498116473102259
2015-05-31,8.536,0.7665685979483334,-8.40659676591334,0.22314355131420976,4.160494687254014,2.6275629501895237,5.991139494284036,7.65320549397053,6.4703349996324215,6.439589959010042
2015-06-30,8.791,0.7783643999279938,-5.547620301065615,0.0,4.115622136107967,2.9030685886905716,5.943612692588333,7.631969832056943,6.444290226575984,6.399758982226306
2015-07-31,9.0015,0.7882260271962815,-6.175964960053551,0.0,4.036698363400244,2.4948569806411682,5.9823481184617,7.651519525338609,6.459747947608298,6.364544195071991
2015-08-31,9.3585,0.8062465112113627,,0.0,3.851608442193024,3.3474449256629084,5.893824154465294,7.586894808887474,6.3870476553616955,6.280564364084881
2015-09-30,9.5245,0.8105275340147141,-4.831498553598457,-0.2876820724517809,3.862657675882817,3.1986731175506815,5.851541341730644,7.5600960898997585,6.366126746061101,6.267959273919186
2015-10-31,9.393,0.8026912180327855,-5.612195241597844,-0.2876820724517809,3.880059507771125,2.712706012638404,5.92817857453717,7.639815433040681,6.421947418191435,6.343634358157923
2015-11-30,9.1935,0.7905886341509883,-5.225700902217428,-0.2876820724517809,3.7878797866190803,2.7806808921371173,5.954359594154741,7.6403202686552945,6.443813241114997,6.357599602752207
2015-12-31,9.619,0.8096774972750822,-5.894609419979753,-0.2876820724517809,3.6377219739327606,2.9019708937395166,5.907267388307226,7.622634596685315,6.413950639550449,6.26387433972511
2016-01-31,9.4845,0.7985147852644903,-4.522323774337351,-0.2876820724517809,3.4453274468651407,3.005682604407159,5.835599899276388,7.570566955745964,6.329542636514291,6.188038224879573
2016-02-29,9.5043,0.7971289108829686,-5.266227751751827,-0.2876820724517809,3.4770616103656953,3.022860940942244,5.81090144332889,7.566430055305905,6.350012735428395,6.239515322128292
2016-03-31,9.4145,0.7935904222221162,,-0.6931471805599453,3.646190799111698,2.6354795082673745,5.8216840218083385,7.630335040225788,6.359227788032134,6.266137364966123
2016-04-30,9.215,0.7852578590123386,,-0.6931471805599453,3.7246728262793463,2.7536607123542622,5.833289112142106,7.633030773293604,6.407374913077685,6.36128520626668
2016-05-31,9.32,0.7896739600150533,-6.422718298227146,-0.6931471805599453,3.8486914974924566,2.6525374911719513,5.8506207697603365,7.648243955851132,6.4253551293998505,6.311825549137551
2016-06-30,9.3008,0.788235614031314,-6.809064335192387,-0.6931471805599453,3.8742242141978953,2.749192144433385,5.798728951965154,7.649149619168371,6.401751345495359,6.378986298404886
2016-07-31,9.5092,0.7947619423887049,-4.859075797819834,-0.6931471805599453,3.803683145534423,2.4740142086215764,5.834489047899294,7.6841400581121375,6.417712194398675,6.325039734187821
2016-08-31,9.2765,0.7859754759015118,,-0.6931471805599453,3.829811819271437,2.5967461315435356,5.839274444093357,7.682920138751723,6.427943708745316,6.330148621525796
2016-09-30,8.9865,0.7704768939777794,-6.219984479663451,-0.6931471805599453,3.840949399284896,2.587011872725154,5.837497183810555,7.681684893550618,6.434064861878406,6.3416459535928436
2016-10-31,9.0345,0.7722706334264456,-6.537746853239903,-0.6931471805599453,3.899878591915685,2.836736542063533,5.825911607889265,7.6620681114459295,6.4586517138441435,6.365060519541752
2016-11-30,9.019,0.7702666208254484,-5.945889113568483,-0.6931471805599453,3.795451735287286,2.5900171341906173,5.834781496869033,7.695671583911401,6.487075005067492,6.440515825879068
2016-12-31,9.0863,0.7756831549942038,,-0.6931471805599453,3.977103718262908,2.641910398597665,5.890040716970018,7.713708686963158,6.527811708104051,6.539976052930223
2017-01-31,8.888,0.76546918792513,-11.889958519121329,-0.6931471805599453,4.002188006663933,2.4840729690394228,5.886437309240276,7.731434985056168,6.541174288923939,6.512146437897337
2017-02-28,8.8693,0.7649990816999575,,-0.6931471805599453,4.006014133848388,2.558776498354456,5.914151444005312,7.767958082665603,6.53712628570943,6.496186581813487
2017-03-31,9.1683,0.7814387124214681,,-0.6931471805599453,3.9419888654305444,2.5152741864043966,5.94316676170023,7.767568776725463,6.533643478531968,6.479215997903371
2017-04-30,9.3243,0.7878318815346765,-5.856698562559611,-0.6931471805599453,3.9580538105099765,2.3813962734183356,5.958657224131864,7.776618917283901,6.547789210945191,6.461499425865447
2017-05-31,9.4388,0.7942551343444079,,-0.6931471805599453,3.9170490632893804,2.3427668826268775,5.966121097769315,7.7881286356694925,6.565687416003764,6.470660175191376
2017-06-30,9.5713,0.7988465407153412,-5.5841354932799,-0.6931471805599453,3.835847255869858,2.414126467726953,5.938511982155248,7.792930918222845,6.549078332372732,6.41004329436153
2017-07-31,9.305,0.7857398622872209,-7.224426692682229,-0.6931471805599453,3.879146512182716,2.3282528397426234,5.934497291466729,7.812094879736538,6.596463340891223,6.479323443087244
2017-08-31,9.279,0.7878390178458347,,-0.6931471805599453,3.9454952176390004,2.359910159613315,5.923934890314382,7.812641222792854,6.606515041931505,6.479584333338335
2017-09-30,9.4125,0.7922229842995752,-5.376303224156648,-0.6931471805599453,4.025536197522249,2.252343876557299,5.9614176257556855,7.8317601799961025,6.663260401756892,6.566011170431823
2017-10-31,9.5238,0.7964762531954039,-6.056391714336497,-0.6931471805599453,4.052059804837309,2.3204250111223765,5.976122456808712,7.853705778874407,6.693323668269949,6.605703792563054
2017-11-30,9.8398,0.811476416999141,,-0.6931471805599453,4.138409293384202,2.423031246069913,5.957623338439211,7.881401294205056,6.6806037062703885,6.616145503192376
2017-12-31,9.8403,0.81134227461524,-7.949672275314459,-0.6931471805599453,4.166655221251077,2.401525040848949,5.96404196153001,7.891184898109419,6.7025744280421,6.658947705912412
2018-01-31,9.562,0.8008114376902199,,-0.6931471805599453,4.234111179668146,2.605648267484129,5.980049644292683,7.945842315896444,6.698268054115413,6.687370418977528
2018-02-28,9.6153,0.8012867851552783,-5.4037547948164955,-0.6931471805599453,4.179872200126207,2.9882040071331994,5.939197094171505,7.906116200260523,6.709060408070237,6.695576395392617
2018-03-31,9.6423,0.8049458545285145,,-0.6931471805599453,4.191954149148362,2.994231147427724,5.915851596888831,7.878863687306731,6.6912148788015,6.700927892152864
2018-04-30,9.662,0.8042742064182772,-5.642870637321546,-0.6931471805599453,4.276406826143305,2.768204123921957,5.954074157889423,7.88157879905386,6.756932389247553,6.822611248324695
2018-05-31,9.5375,0.8008529325561714,,-0.6931471805599453,4.341721139809228,2.7363136663750693,5.948191634874515,7.902957001456497,6.774795151725907,6.8903140613621945
2018-06-30,9.5115,0.7980463839550318,-5.6513274610397515,-0.6931471805599453,4.30883747105552,2.7781979610042917,5.939987025225273,7.907787714953299,6.778898656857133,6.893889593120498
2018-07-31,9.5338,0.7980614329222916,-6.071218307586947,-0.6931471805599453,4.307924245631125,2.551786178627545,5.970266446591802,7.9431756949300985,6.798386741926772,6.8879300514305735
2018-08-31,9.7148,0.808843021673362,,-0.6931471805599453,4.282121640666536,2.554121718809473,5.946101005356452,7.972990016593293,6.809811634652011,6.888837460127492
2018-09-30,9.4665,0.7952413905373976,-5.416682479994738,-0.2876820724517809,4.365973469351633,2.4948569806411682,5.948504852667846,7.977275123313615,6.844069727296004,6.959588427622155
2018-10-31,9.5528,0.7996156284483475,,-0.2876820724517809,4.394433224637154,3.055415275715165,5.890566283002889,7.905345774257954,6.790884327250722,6.885284695854769
2018-11-30,9.74,0.8054091037137361,-5.038919989982835,-0.2876820724517809,4.174725674168913,2.8942531046041373,5.879107389714866,7.923047551017249,6.7580945044277305,6.787991533013567
2018-12-31,9.9483,0.8129733842558814,-5.4797280098537895,-0.2876820724517809,4.029077460321826,3.2355362657613083,5.8177954495931665,7.826782263899173,6.683986532274009,6.68313563878456
2019-01-31,9.6623,0.8006736858870631,,-0.2876820724517809,4.080485527058548,2.8075938314384716,5.882402745690731,7.902524418727549,6.72779094176186,6.765269630685382
2019-02-28,9.7268,0.800932487046598,-5.103275076882375,-0.2876820724517809,4.158207632079522,2.6932749155200555,5.921042082811436,7.931820011714242,6.763076267612693,6.782996720839324
2019-03-31,9.659,0.799851619799443,,0.0,4.190783137406895,2.6181254935742233,5.937773643910067,7.9495855535512625,6.760530559225612,6.786118577484663
2019-04-30,9.6678,0.7997805219161646,-6.841167505728795,0.0,4.264129530011877,2.574137783515943,5.969602300250847,7.988145889994352,6.78094411211575,6.796600229615975
2019-05-31,9.7915,0.8068868278537746,,0.0,4.265841615863014,2.9290581402859983,5.910959232448332,7.920105001141148,6.74770389083391,6.667770710471901
2019-06-30,9.6938,0.8010841111024842,-5.830156529766141,0.22314355131420976,4.1689623250453955,2.71336936257981,5.952905614929358,7.98676332067539,6.762266972233531,6.675671886098453
2019-07-31,9.7778,0.8032281799008438,-5.560724079170104,0.22314355131420976,4.156309209269712,2.7800607370784824,5.955241336950457,7.9998060881484,6.755885329644011,6.629085804119714
2019-08-31,10.038,0.8179714205504804,,0.22314355131420976,4.0792964208752664,2.9433857931817817,5.938801894524676,7.981548780433525,6.758442875795128,6.6076766861938045
2019-09-30,9.8953,0.8081542886023062,-4.851352269544181,0.4054651081081644,4.138297649750563,2.787477334733532,5.974191218437525,7.998584020957203,6.787393922310954,6.688005960735943
2019-10-31,10.252,0.8240415700442728,,0.4054651081081644,4.092665734424163,2.5817308344235403,5.983306359406519,8.021837292053938,6.800281420676904,6.683673787939951
2019-11-30,10.1045,0.8158378462291584,-5.4886202501266945,0.4054651081081644,4.144504158661359,2.5352828571130672,6.009869138784087,8.052290132119458,6.805168690207036,6.703163573062454
2019-12-31,9.8638,0.8065182202291649,,0.4054651081081644,4.210137566510205,2.6232182655855123,6.031093830631176,8.077537179429253,6.836796190041643,6.748911939162011
2020-01-31,10.1893,0.8168505845632454,-4.688421680507478,0.4054651081081644,4.160117200555937,2.935982269148217,6.017887369339086,8.078849456542128,6.817611729129171,6.67572233382201
2020-02-29,10.3888,0.8261775089851858,,0.4054651081081644,4.023496522698712,3.6916256797819615,5.9286578588151695,7.990989935605924,6.721787081267985,6.512012753022096
2020-03-31,11.51,0.870072336482752,,-1.3862943611198906,3.480882705382398,3.9804290380922063,5.768508478217845,7.857322167012957,6.561172098610196,6.3197065797520215
2020-04-30,11.184,0.8546142333181123,-4.842918666710422,-1.3862943611198906,2.941610421161833,3.530762586016799,5.82903384901182,7.976743063250363,6.652992053287465,6.432602415153742
2020-05-31,10.788,0.8379792776982268,-5.904654028606537,,3.3678184964871103,3.3145495749364833,5.858961197294888,8.021029553480894,6.6806037062703885,6.421166879580192
2020-06-30,10.912,0.8413309469263478,-5.608197764741379,,3.6984584288942597,3.4154289639088797,5.887048030187554,8.039250934484956,6.678593655342365,6.4129670329137705
2020-07-31,10.7323,0.8314723607766541,-5.091472991092518,,3.7668778900643285,3.1970391302590264,5.875857267776231,8.092887712894205,6.716836874962664,6.409730704386542
2020-08-31,10.455,0.8201062128361207,,,3.7975747258673955,3.273742726309041,5.9040258060840785,8.16060681498386,6.756118104319177,6.452632380425692
2020-09-30,11.1008,0.844594109501564,-5.614467709557703,,3.710273950968093,3.2722270003651954,5.88912723474016,8.12058871174027,6.75238719174844,6.377305012079846
2020-10-31,11.094,0.8439754366966499,-7.098346110086128,,3.69198752228793,3.6381123370602833,5.835862815013409,8.092533031400581,6.6993771798684,6.267940312798963
2020-11-30,10.561,0.8234297050420658,,,3.748240532897945,3.0238337036648657,5.964504365525199,8.194679479718983,6.835614601204455,6.468319651302819
2020-12-31,10.4703,0.8195542810470721,-8.584401209500864,,3.9152822045928013,3.1245651453969594,5.992089351876824,8.2311284770022,6.881411303642535,6.5328436239174295
2021-01-31,10.343,0.8172025621970123,,,3.9989107188577746,3.499231121933521,5.981035351617443,8.219929360180258,6.8740950774895015,6.563545182188483
2021-02-28,10.4012,0.8198193993405766,,,4.1333534855502325,3.3304171996011083,6.003862375443678,8.245686259847384,6.914830192654099,6.598631636901627
2021-03-31,9.9955,0.8039562563429211,,,4.185545626902648,2.9652730660692823,6.062854543194655,8.287249068544826,6.964985912436409,6.625856451286084
2021-04-30,9.9533,0.8014853361139745,-6.658335463364536,,4.168611648700594,2.9236990706541595,6.080825245612778,8.33834639065912,6.981470316804418,6.622855997639722
2021-05-31,10.2183,0.8166804596922461,,,4.226504046468594,2.818995095053937,6.102021537672626,8.343817897211142,7.009047530464009,6.653172658832547
2021-06-30,10.1717,0.8127183100450349,-5.431247464258357,,4.292926714559278,2.761906873892921,6.115538862209909,8.365788737257004,7.02197642307216,6.684199142566398
2021-07-31,10.4405,0.8226724256157806,-5.645258312389242,,4.323624088588493,2.9036169846461855,6.1350019621041785,8.388281966503747,7.033770999564997,6.609807359240445
2021-08-31,10.26,0.819999096257911,,,4.259972899807967,2.8021475244813256,6.154603284485162,8.416860017472436,7.040448820707603,6.648155190657312
2021-09-30,10.165,0.814126921678218,-5.523639017178406,-1.3862943611198906,4.310302357721585,3.1415627217655304,6.119879749321551,8.368122254487814,7.059016072822721,6.815661919658438
2021-10-31,9.7495,0.7984897485589798,,-1.3862943611198906,4.4230447389956105,2.7887081041196646,6.1643879122585234,8.434980464285987,7.084058763450528,6.8132028120409025
2021-11-30,10.2795,0.8232354912547355,,-1.3862943611198906,4.389903861034404,3.3028492586443794,6.1376406572655835,8.426611813185,7.074370805954474,6.846252146388087
2021-12-31,9.9888,0.8101611595959912,-7.012589507347196,-0.6931471805599453,4.304875575485466,2.8460714989995846,6.1902744214067384,8.469300424465446,7.091242822416061,6.852961126894998
2022-01-31,10.0085,0.8161849271595732,,-0.6931471805599453,4.456756245367558,3.2120525995200753,6.150346872168174,8.415282274600427,7.068938316573527,6.889265389668292
2022-02-28,9.9465,0.814135037508907,,-0.6931471805599453,4.576469372711582,3.4061849231731944,6.1161349216127325,8.383419483721504,7.091908490605062,6.988025653045407
2022-03-31,9.711,0.811512600284653,,-0.2876820724517809,4.769743777415178,3.0233474405869645,6.1221857448309915,8.418567722107772,7.139977494229551,7.1646894424851375
2022-04-30,9.7525,0.8106382326491599,-5.078056092024167,-0.2876820724517809,4.65829696518131,3.5085558999826545,6.110113874092323,8.326499889147337,7.122705355267819,7.149382941673499
2022-05-31,10.0983,0.8274320017748313,,-0.2876820724517809,4.731777257512312,3.2653776585196206,6.094359525826016,8.32655313161354,7.160379959618515,7.284100488516449
2022-06-30,10.3485,0.839387286158334,,0.22314355131420976,4.809071113175073,3.3572454941329726,6.009304465236313,8.238901557133367,7.065015405180721,7.20019352289739
2022-07-31,9.8773,0.8169654663963518,-5.354806867689734,0.22314355131420976,4.7201794859206325,3.0601145324832593,6.082880791741261,8.326102901407591,7.133455559078037,7.26209549957415
2022-08-31,9.9388,0.8252899738588003,,0.5596157879354227,4.609717893986679,3.2530839961979376,6.028567635059484,8.282735880201754,7.129858289121099,7.31302703506567
2022-09-30,10.5838,0.8518647860840337,-6.566348896261536,0.4054651081081644,4.496645410075734,3.453789831781326,5.960618666936881,8.18468668089813,7.005607679149642,7.225001008032612
2022-10-31,10.3028,0.8452414140312203,,0.4054651081081644,4.536024076954416,3.2534704696327,6.021508668456359,8.261521283093872,7.069448867980125,7.2890574675211415
2022-11-30,10.2648,0.8433688121509381,-7.321436505428351,0.0,4.517285700677571,3.0243197304059035,6.086865631871235,8.313879227819086,7.107261660530193,7.306598510781415
2022-12-31,10.5138,0.8479099769365774,-4.313276116697378,-0.2876820724517809,4.396962918047884,3.075928815548268,6.064598831095483,8.253097428770598,7.080867896690782,7.236742429250645
2023-01-31,10.9083,0.8623438849660001,-5.8460964578847765,-0.2876820724517809,4.414747516514878,2.9652730660692823,6.1163555942237435,8.31301858664963,7.086236136390154,7.170034924484929
2023-02-28,10.9713,0.8650797688639398,,-1.3862943611198906,4.4123133272787545,3.0301337002713233,6.133636626247068,8.286559156342777,7.123592201780574,7.208526315975636
2023-03-31,11.394,0.8806127913844954,-7.382351665574899,,4.361408271529859,2.928523523860541,6.126519778100847,8.321010410184638,7.084729229449496,7.133750759676964
2023-04-30,11.791,0.8937236443353004,-6.026862070816176,,4.435602945993899,2.7587433154177283,6.145558082445382,8.335546606777317,7.111838327557605,7.147244508832433
2023-05-31,12.0045,0.8988851769299612,-5.240700493652459,,4.32694859804235,2.88703285663065,6.1131510653645815,8.338025854835301,7.088826053874439,7.109887632973538
2023-06-30,11.704,0.8873137787752409,-5.838033395382628,-1.3862943611198906,4.316856803190752,2.6093342281630525,6.135413364450644,8.400744764772917,7.10175834054993,7.191888561922671
2023-07-31,11.1805,0.8656148848723679,-5.056035325407071,-1.3862943611198906,4.381917757779266,2.612273245708441,6.155600917842159,8.431408697860876,7.1268104843877405,7.21517380006975
2023-08-31,11.58,0.8851122713183316,,-1.3862943611198906,4.457332333966463,2.6078614738467776,6.127283945250464,8.413533450842388,7.135368824967799,7.275726182662721
2023-09-30,11.2535,0.8713148002502983,-5.380628006151726,-1.3862943611198906,4.5385922533305125,2.8633430855082453,6.109736352186017,8.363587363130417,7.1631723908466425,7.327714833240754
2023-10-31,11.8735,0.8916387826635122,-5.3909827884803265,-1.3862943611198906,4.51130251365651,2.8981194446869907,6.072260816936072,8.341362523152645,7.155396301896734,7.38824746055051
2023-11-30,11.72,0.8852792598702772,-6.011585237061017,-1.3862943611198906,4.418511236290682,2.558776498354456,6.134720378737397,8.426786967540222,7.173115052429426,7.350856512113344
2023-12-31,11.2405,0.8662903915020108,-5.568835644125637,-0.6931471805599453,4.355173322517059,2.5217206229107165,6.171742350192701,8.47006594383429,7.17518362240665,7.290326988276992
2024-01-31,11.351,0.8708214036221668,,-0.6931471805599453,4.384008540368418,2.66374994220563,6.185529380921524,8.485836674253092,7.153286349173976,7.228105392648281
2024-02-29,11.492,0.8769470372275836,,-0.6931471805599453,4.423152031438883,2.5952547069568657,6.203769573241197,8.536264178580018,7.143696588526208,7.1587629935645385
2024-03-31,11.6825,0.8846422562916727,,-0.6931471805599453,4.4465979173715615,2.565718292524414,6.239632363326927,8.56681158393843,7.191579921106613,7.242540378902561
2024-04-30,11.815,0.8894661526382008,,-0.6931471805599453,4.500753669067663,2.750470916986162,6.224340583766572,8.524305836478437,7.223441547843516,7.282658081507662
2024-05-31,11.383,0.8733414038333636,-6.388195094490066,-0.6931471805599453,4.4041549867468825,2.558776498354456,6.250303373746643,8.57120967455725,7.272745554524583,7.323916314504718
2024-06-30,11.3965,0.8750451004920846,,-0.2876820724517809,4.410905594224259,2.5209170873110334,6.23719117042245,8.605291976962821,7.26010086475964,7.3247931634429175
2024-07-31,11.8175,0.8886703123919396,-5.694375317697247,-0.2876820724517809,4.445917264523599,2.794839331174601,6.2503226722461855,8.616549719156357,7.2857121476737,7.299479748755335
2024-08-31,11.662,0.8866321910294542,,-0.2876820724517809,4.38630778005999,2.70805020110221,6.263493496152003,8.639127598195097,7.2719816390737035,7.273127293523857
2024-09-30,11.7645,0.8873290626181056,-4.953455719357556,0.0,4.305294067435605,2.8172035149987327,6.259371116895707,8.659123216583046,7.255803116220351,7.206918687917452
2024-10-31,11.9385,0.8944318149889324,,0.22314355131420976,4.3305083574244065,3.1424266527047946,6.225330408450468,8.649177137362495,7.266408265304497,7.213488445691291
2024-11-30,11.6805,0.8841249778373642,-5.734405431818754,0.22314355131420976,4.308492215955655,2.6034301519721073,6.234900801689954,8.704896905051022,7.282211200215957,7.2406927040832185
2024-12-31,11.795,0.8883554321201257,,0.4054651081081644,4.302149571882625,2.8535925063928684,6.228865970168891,8.679589213361188,7.261997265679167,7.23623854573785
2025-01-31,11.7373,0.8880221377320405,,0.4054651081081644,4.371874468937294,2.799108932049177,6.290698390195733,8.706247035423571,7.323500696497858,7.269379952771783
2025-02-28,11.7245,0.8852527919610366,-5.179655648032895,0.5596157879354227,4.323413381555687,2.9770590082883697,6.32290629486736,8.691902515208051,7.306330036385547,7.237123772230102
2025-03-31,11.413,0.8750539973340479,,0.6931471805599453,4.289323135169728,3.1036894150590832,6.280246015003064,8.632635712426081,7.324160327128636,7.299371600456875
2025-04-30,11.809,0.8875002426255963,-5.505659808343104,0.8109302162163288,4.2216475708922525,3.2068032436339315,6.268110949939499,8.624981557458726,7.304583193694638,7.159400763568968
2025-05-31,11.5408,0.8787027577934673,,0.8109302162163288,4.1635295299527275,2.9215473753646144,6.307497167884594,8.684687025529286,7.353466215658828,7.204706757441067
2025-06-30,11.8345,0.8882146060022714,-6.1569239222413294,0.8109302162163288,4.27151398062636,2.8172035149987327,6.294102963749818,8.733102639588514,7.390983575556024,7.271272759282536
2025-07-31,11.774,0.8855545779678958,-6.621011807476443,0.8109302162163288,4.262548110068743,2.8166056076565553,6.302820420654982,8.754537828291317,7.39344769310913,7.314619408004009
2025-08-31,11.7465,0.8882688342432972,,0.8109302162163288,4.2194934735757865,2.731766727719526,6.310172791289864,8.77342484364475,7.406407101816419,7.287731624323135
2025-09-30,11.7265,0.886411002680583,-5.875298092614887,0.6931471805599453,4.206467163359049,2.7899373605743945,6.318102874670175,8.80142431619176,7.405252472536795,7.2704590131889955
2025-10-31,11.6485,0.8845175552799005,,0.6931471805599453,4.202750436065887,2.8587664184808337,6.318102874670175,8.80142431619176,7.414151105668742,7.284374996976465
2025-11-30,11.749,0.8880584991775459,,0.6931471805599453,4.202750436065887,2.8909271591878647,6.318102874670175,8.80142431619176,7.414151105668742,7.284374996976465
